,confidence,orig,name,school
0,high,Arizona State University,Arizona State University,
1,high,Hong Kong University Of Science And Technology,Hong Kong University of Science and Technology,
2,high,Seoul National University,Seoul National University,
3,high,University Of Chicago,University of Chicago,
4,high,Yale University,Yale University,
5,high,Yonsei University,Yonsei University,
6,google-match,London School of Economics,"London School of Economics and Political Science, University of London",
7,high,University Of Virginia,University of Virginia,
8,high,Tsinghua University,Tsinghua University,
9,high,Nanjing University,Nanjing University,
10,high,University Of International Business & Economics,University of International Business and Economics,
11,high,University Of Michigan--Ann Arbor,University of Michigan,
12,high,Sarah Lawrence College,Sarah Lawrence College,
13,high,Grove City College,Grove City College,
14,high,Wittenberg University,Wittenberg University,
15,high,University Of Tulsa,University of Tulsa,
16,high,Wuhan University,Wuhan University,
17,high,Universidade Catolica Portuguesa,Universidade Catolica Portuguesa,
18,high,Sharif University Of Technology,Sharif University of Technology,
19,high,University Of Sydney,University of Sydney,
20,high,Peking University,Peking University,
21,high,New York University,New York University,
22,high,State University Of New York At Stony Brook,State University of New York at Stony Brook,
23,google-match,Delhi University,University of Delhi,
24,high,University Of Pennsylvania,University of Pennsylvania,
25,high,"University Of California, Los Angeles","University of California, Los Angeles",
26,high,Grinnell College,Grinnell College,
27,high,Universidad De Guadalajara,Universidad de Guadalajara,
28,high,Hautes Etudes Commerciales-Liege,Hautes Etudes Commerciales-Liege,
29,high,Nankai University,Nankai University,
30,high,University Of Texas At Austin,University of Texas,
31,high,University Of Alabama at Birmingham,University of Alabama - Birmingham,
32,same-name,Universita Commerciale 'luigi Bocconi',University of Commerce Luigi Bocconi,
33,not changed,Lady Shri Ram College For Women,Lady Shri Ram College For Women,
34,high,University Of Wisconsin-Madison,University of Wisconsin - Madison,
35,high,Columbia University,Columbia University,
36,high,Princeton University,Princeton University,
37,high,Middlebury College,Middlebury College,
38,google-match,Instituto Tecnologico Autonomo de Mexico,Instituto Tecnológico Autonómo de México,
39,high,Georgetown University,Georgetown University,
40,high,Colby College,Colby College,
41,high,Mount Holyoke College,Mount Holyoke College,
42,high,Yazd University,Yazd University,
43,high,University Of Hong Kong,University of Hong Kong,
44,high,Harvard University,Harvard University,
45,high,Stanford University,Stanford University,
46,same-name,The Chinese Univ. of Hong Kong,Chinese University of Hong Kong,
47,high,Universidad Nacional De Colombia,Universidad Nacional de Colombia,
48,high,State University - Higher School of Economics,Higher School of Economics,
49,high,Morehouse College,Morehouse College,
50,high,Covenant University,Covenant University,
51,high,Vilnius Gediminas Technical University,Vilnius Gediminas Technical University,
52,high,Ivan Franko National University of Lviv,National University,
53,high,University Of Tehran,University of Tehran,
54,high,Colorado State University,Colorado State University,
55,high,Cornell University,Cornell University,
56,high,University Of Warwick,University of Warwick,
57,high,Fudan University,Fudan University,
58,high,Liaoning Normal University,Liaoning Normal University,
59,high,University of London-London School of Economics & Political Sci,University of London,london school of economics & political sci
60,high,Macalester College,Macalester College,
61,high,Soka University,Soka University,
62,high,Ohio State University,Ohio State University,
63,high,Brandeis University,Brandeis University,
64,google-match,ITAM,Instituto Tecnológico Autonómo de México,
65,high,Chinese University Of Hong Kong,Chinese University of Hong Kong,
66,high,University Of Southern California,University of Southern California,
67,high,Korea University,Korea University,
68,high,Reed College,Reed College,
69,not changed,Budapesti Corvinus Egyetem,Budapesti Corvinus Egyetem,
70,high,University Of Delhi,University of Delhi,
71,high,University College London,University College London,
72,same-name,Universidad Pompeu Fabra,Universitat Pompeu Fabra,
73,high,Oberlin College,Oberlin College,
74,ratio-93,Russian-Armenian (Slavonic) University,Russian-Armenian (Slavonic) State University,
75,google-match,Universita Degli Studi Di Torino,University of Turin,
76,high,Williams College,Williams College,
77,high,Claremont McKenna College,Claremont McKenna College,
78,high,University Of Missouri--Columbia,University of Missouri - Columbia,
79,high,Smith College,Smith College,
80,high,Bogazici University,Bogazici University,
81,high,National Chengchi University,National Chengchi University,
82,google-match,"Rutgers, The State University Of New Jersey",Rutgers University,
83,high,Renmin University of China,Renmin University of China,
84,high,University of St. Gallen,University of St. Gallen,
85,high,University Of Tokyo,University of Tokyo,
86,high,Massachusetts Institute of Technology,Massachusetts Institute of Technology,
87,high,National Taipei University,National Taipei University,
88,high,Brown University,Brown University,
89,high,North Carolina State University At Raleigh,North Carolina State University,
90,google-match,Universitat Bern,University of Berne,
91,high,University of Illinois at Urbana-Champaign,University of Illinois at Urbana-Champaign,
92,high,Southern Methodist University,Southern Methodist University,
93,high,Carnegie Mellon University,Carnegie Mellon University,
94,partial-98,University Of The Phillippines,Adventist University of the Philippines,
95,high,University Of Florida,University of Florida,
96,high,University Of Cambridge-Queen's College,University of Cambridge,queen's college
97,high,Universite Catholique de Louvain,Université Catholique de Louvain,
98,high,Sharif University of Technology,Sharif University of Technology,
99,high,"University Of California, Davis","University of California, Davis",
100,high,University Of Maryland At College Park,University of Maryland,college park
101,high,Allegheny College,Allegheny College,
102,high,University Of Washington,University of Washington,
103,high,University Of Amsterdam,University of Amsterdam,
104,not changed,"St. Xavier's College, Kolkata","St. Xavier's College, Kolkata",
105,high,University Of British Columbia,University of British Columbia,
106,high,Boston College,Boston College,
107,high,Nanyang Technological University,Nanyang Technological University,
108,high,University Of Cambridge-Wolfson College,University of Cambridge,wolfson college
109,google-match,University Pantheon Assas (paris Ii),Université Panthéon-Assas (Paris II),
110,high,Universidad De Chile,Universidad de Chile,
111,google-match,University Of Copenhagen,Copenhagen University,
112,high,Pontificia Universidad Javeriana,Pontificia Universidad Javeriana,
113,high,Wellesley College,Wellesley College,
114,high,Beijing Normal University,Beijing Normal University,
115,high,Harbin Normal University,Harbin Normal University,
116,google-match,Ecole Nationale de la Statistique et de l'Admin Economique,Ecole Nationale de la Statistique et de l'Administration Economique,
117,google-match,Universita Degli Studi Di Padova,University of Padua,
118,high,Sri Sathya Sai Institute of Higher Learning,Sri Sathya Sai Institute of Higher Learning,
119,google-match,Miami University,Miami University of Ohio,
120,high,University Of Cambridge-Corpus Christi College,University of Cambridge,corpus christi college
121,high,Yerevan State University,Yerevan State University,
122,high,Zhejiang University,Zhejiang University,
123,high,Harvard College,Harvard University,college
124,high,Johns Hopkins University,Johns Hopkins University,
125,high,Elmira College,Elmira College,
126,high,Washington University in St. Louis,Washington University in St. Louis,
127,high,Universidad De Los Andes,Universidad de Los Andes,
128,high,Shanghai Institute Of Foreign Trade,Shanghai Institue of Foreign Trade,
129,high,"Wimbledon School of Art, University of Surrey",University of Surrey,wimbledon school of art
130,high,Clark University,Clark University,
131,high,Brigham Young University,Brigham Young University,
132,high,Universidad De San Andres,Universidad de San Andres,
133,partial-100,Sun Yat-Sen University,Sun Yat-Sen University of Medical Sciences,
134,not changed,"School of Liberal Studies, PDPU","School of Liberal Studies, PDPU",
135,high,Duke University,Duke University,
136,not changed,"Hochschule fur Wirtschafts-, Rechts- und Sozialwissenschaften","Hochschule fur Wirtschafts-, Rechts- und Sozialwissenschaften",
137,high,Universidad Nacional De Cordoba,Universidad Nacional de Córdoba,
138,high,"University Of California, Santa Barbara","University of California, Santa Barbara",
139,high,University Of New South Wales,University of New South Wales,
140,high,McGill University,McGill University,
141,google-match,Institut D'etudes Politiques,Institut d'Etudes Politiques de Paris (Sciences Po),
142,high,Pennsylvania State University,Pennsylvania State University,
143,google-match,Trinity College,Trinity College Connecticut,
144,high,Indiana University Bloomington,Indiana University at Bloomington,
145,high,Universidad ORT Uruguay,Universidad ORT Uruguay,
146,same-name,Instituto Torcuato Di Tella,Universidad Torcuato di Tella,
147,not changed,University Of Sao Paulo,University Of Sao Paulo,
148,high,Washington And Lee University,Washington and Lee University,
149,high,University Of Vermont and State Agricultural College,University of Vermont,and state agricultural college
150,google-match,Instituto TecnolÃ³gico AutÃ³nomo de MÃ©xico,Instituto Tecnológico Autonómo de México,
151,high,University Of Rochester,University of Rochester,
152,high,University Of Pune,University of Pune,
153,high,Kobe University,Kobe University,
154,high,Villanova University,Villanova University,
155,high,Thammasat University,Thammasat University,
156,high,Renmin University Of China In Beijing,Renmin University of China,
157,google-match,University Of Nebraska,University of Nebraska - Lincoln,
158,high,Universidad Carlos Iii De Madrid,Universidad Carlos III de Madrid,
159,high,University Of New Mexico,University of New Mexico,
160,not changed,Goethe University,Goethe University,
161,high,Lahore University Of Management Sciences,Lahore University of Management Sciences,
162,google-match,University Of Montreal,Université de Montréal,
163,ratio-93,Technische Universitat Munchen,Technische Universität München,
164,high,University Of Iowa,University of Iowa,
165,high,Tufts University,Tufts University,
166,high,Southwest University Of Finance & Economics,Southwest University of Finance and Economics,
167,high,Indiana Wesleyan University,Indiana Wesleyan University,
168,not changed,Ural Federal University,Ural Federal University,
169,high,Universidad Nacional De Cuyo,Universidad Nacional de Cuyo,
170,high,Tel Aviv University,Tel Aviv University,
171,high,National University Of Singapore,National University of Singapore,
172,high,Rensselaer Polytechnic Institute,Rensselaer Polytechnic Institute,
173,high,Case Western Reserve University,Case Western Reserve University,
174,high,University Of St Andrews,University of St. Andrews,
175,ratio-94,Universita Bocconi,Università Bocconi,
176,high,Singapore Management University,Singapore Management University,
177,google-match,Universite De Lausanne,University of Lausanne,
178,high,"University Of California, Berkeley","University of California, Berkeley",
179,high,Millsaps College,Millsaps College,
180,high,Calvin College,Calvin College,
181,not changed,St Xavier's College,St Xavier's College,
182,high,Xiamen University,Xiamen University,
183,high,City University Of Hong Kong,City University of Hong Kong,
184,high,George Mason University,George Mason University,
185,high,Korea Advanced Institute Of Science And Technology,Korea Advanced Institute of Science & Technology,
186,high,University Of Kansas,University of Kansas,
187,high,National Research University Higher School of Economics,Higher School of Economics,
188,high,Central University Of Finance And Economics,Central University of Finance and Economics,
189,high,Indian Institute of Technology,Indiana Institute of Technologyy,
190,high,University Of Michigan--Dearborn,University of Michigan - Dearborn,
191,high,University of San Francisco,University of San Francisco,
192,high,University Of Adelaide,University of Adelaide,
193,google-match,Instituto Tecnologico y de Estudios Superiores de Monterrey,Tecnológico de Monterrey,
194,high,University of Dhaka,University of Dhaka,
195,google-match,Erasmus University,Erasmus University Rotterdam,
196,google-match,Universita Degli Studi Roma Tre,Third University of Rome,
197,high,Vanderbilt University,Vanderbilt University,
198,high,"University of Delhi, Hansraj College",University of Delhi,hansraj college
199,high,Swarthmore College,Swarthmore College,
200,high,Universidad Nacional Autonoma De Mexico,Universidad Nacional Autónoma de México,
201,google-match,National Chung Hsing University,"National Chung Hsing University, Taichung",
202,high,Universidade Nova De Lisboa,Universidade Nova de Lisboa,
203,high,Universidad de Piura,Universidad de Piura,
204,high,Wabash College,Wabash College,
205,high,Kazakh National University,National University,
206,high,Utrecht University,Utrecht University,
207,high,American University Of Beirut,American University of Beirut,
208,not changed,National Insitute for Lifelong Education,National Insitute for Lifelong Education,
209,high,National Taiwan University,National Taiwan University,
210,high,Tilburg University,Tilburg University,
211,high,Isfahan University of Technology,Isfahan University of Technology,
212,not changed,Oporto University,Oporto University,
213,high,California Institute Of Technology,California Institute of Technology,
214,not changed,INSPER (Institute of Education and Research),INSPER (Institute of Education and Research),
215,google-match,UniversitÃ© de Lausanne,University of Lausanne,
216,high,Amirkabir University of Technology,Amirkabir University of Technology,
217,high,University Of Science and Technology Of China,University of Science and Technology of China,
218,high,"Tishreen University, Lattakia, Syria",Tishreen University,
219,high,Hebrew University Of Jerusalem,Hebrew University of Jerusalem,
220,high,Sogang University,Sogang University,
221,high,Stella Maris College,Stella Maris College,
222,google-match,Eberhard-Karls-Universitat Tubingen,Eberhard-Karls-Universität Tübingen,
223,google-match,Fundacao Gertulio Vargas,Fundação Getulio Vargas,
224,high,Amherst College,Amherst College,
225,high,University Of Arizona,University of Arizona,
226,high,Simon Fraser University,Simon Fraser University,
227,high,Hanyang University ERICA,Hanyang University,
228,high,"University Of California, Irvine","University of California, Irvine",
229,high,Middle East Technical University,Middle East Technical University,
230,high,"Barnard College, Columbia University",Barnard College - Columbia University,
231,high,Carleton College,Carleton College,
232,partial-100,MZUMBE UNIVERSITY,Mzumbe University (Chuo Kikuu Mzumbe),
233,high,University Of Cambridge-Trinity College,University of Cambridge,trinity college
234,high,Hamilton College,Hamilton College,
235,high,University Of Wisconsin--Madison,University of Wisconsin - Madison,
236,not changed,Universite De Paris I (pantheon-Sorbonne),Universite De Paris I (pantheon-Sorbonne),
237,google-match,People's University Of China,Renmin University of China,
238,high,Pontificia Universidad Catolica De Chile,Pontificia Universidad Catolica de Chile,
239,high,Istanbul Technical University,Istanbul Technical University,
240,high,Facultes Universitaires Saint-Louis,Facultés Universitaires Saint-Louis,
241,google-match,UniversitÃ  degli Studi di Roma Tor Vergata,"University of Roma ""Tor Vergata""",
242,exactmatch,Holborn College,Holborn College,
243,google-match,ITAM Instituto Tecnologico Autonomo de Mexico,Instituto Tecnológico Autonómo de México,
244,high,Universidad Torcuato Di Tella,Universidad Torcuato di Tella,
245,high,Capital University Of Economics And Business,Capital University of Economics and Business,
246,high,Bates College,Bates College,
247,high,Ecole Polytechnique,Ecole Polytechnique,
248,high,University of Ottawa,University of Ottawa,
249,google-match,Instituto Tecnologico Autonomo De Mexico,Instituto Tecnológico Autonómo de México,
250,high,University of Melbourne,University of Melbourne,
251,high,St. Olaf College,St. Olaf College,
252,high,University Of Georgia,University of Georgia,
253,high,Baylor University,Baylor University,
254,high,University of Tartu,University of Tartu,
255,high,George Washington University,George Washington University,
256,google-match,Sciences Po: Institut D'etudes Politiques de Paris,Institut d'Etudes Politiques de Paris (Sciences Po),
257,partial-100,Budapest University Of Economic Sciences,Budapest University of Economic Sciences and Public Administration,
258,google-match,University Of Arkansas--Fayetteville,University of Arkansas at Fayetteville,
259,high,Chulalongkorn University,Chulalongkorn University,
260,high,The University of Hong Kong,University of Hong Kong,
261,high,University Of Zagreb,University of Zagreb,
262,high,Universidad Nacional del Nordeste,Universidad Nacional del Nordeste,
263,high,Hillsdale College,Hillsdale College,
264,high,Universidad Del Pacifico,Universidad del Pacifico,
265,high,Universidad Nacional De Asuncion,Universidad Nacional de Asunción,
266,high,Universidad De Costa Rica,Universidad de Costa Rica,
267,high,Gettysburg College,Gettysburg College,
268,high,Western Kentucky University,Western Kentucky University,
269,high,Pontificia Universidade Catolica Do Rio De Janeiro,Pontifícia Universidade Católica do Rio de Janeiro,
270,high,M.V. Lomonosov Moscow State University,Moscow State University,
271,high,Washburn University Of Topeka,Washburn University,
272,high,Northwestern University,Northwestern University,
273,high,Michigan State University,Michigan State University,
274,high,Michigan Technological University,Michigan Technological University,
275,not changed,Lycee louis Le Grand,Lycee louis Le Grand,
276,high,"Indian Institute of Technology, Madras","Indian Institute of Technology, Madras",
277,high,University Of Alabama In Huntsville,University of Alabama - Huntsville,
278,high,Texas A&M University,Texas A&M University,
279,high,Queen's University,Queen's University,
280,high,American University of Sharjah,American University of Sharjah,
281,high,University Of Toronto Schools,University of Toronto,schools
282,high,Manhattan College,Manhattan College,
283,high,Monash University,Monash University,
284,high,University Of Oxford,University of Oxford,
285,high,Sabanci University,Sabanci University,
286,google-match,California Polytechnic State University,California Polytechnic State University - San Luis Obispo,
287,high,Instituto Tecnologico y de Estudios Superiores de Monterrey (ITE,Instituto Tecnológico y de Estudios Superiores de Monterrey (ITESM),
288,high,Nanjing University of Posts & Telecommunications,Nanjing University of Posts and Telecommunications,
289,high,National University of Sciences and Technology,National University of Science and Technology,
290,google-match,"Rutgers, The State Univerisity of New Jersey-New Brunswick",Rutgers University,
291,high,Shandong Normal University,Shandong Normal University,
292,not changed,St. Xavier's College,St. Xavier's College,
293,high,Chonbuk National University,Chonbuk National University,
294,high,University of Nottingham Malaysia Campus,"University of Nottingham, Malaysia Campus",
295,high,Washington University in St Louis,Washington University in St. Louis,
296,high,Emory University,Emory University,
297,google-match,Laval University,Université Laval,
298,high,University Of Notre Dame,University of Notre Dame,
299,same-name,Universita Degli Studi Di Pavia,Universita Degli Studi Di Trieste,
300,high,Tianjin University of Finance and Economics,Tianjin University of Finance & Economics,
301,google-match,Fundacao Getulio Vargas,Fundação Getulio Vargas,
302,high,Novosibirsk State Technical University,Novosibirsk State Technical University,
303,high,College Of William And Mary In Virginia,College of William and Mary,
304,high,Jilin univerisity,Jilin University,
305,high,Bryn Mawr College,Bryn Mawr College,
306,high,University Of Windsor,University of Windsor,
307,high,American University,American University,
308,google-match,Bandung Institute Of Technology,Institut Teknologi Bandung,
309,high,Babson College,Babson College,
310,high,Xavier University,Xavier University,
311,high,Lehigh University,Lehigh Univervsity,
312,high,University of Oxford-Balliol College,University of Oxford,balliol college
313,high,American University of Central Asia,American University of Central Asia,
314,google-match,Federal University of Rio de Janeiro,Universidade Federal do Rio de Janeiro,
315,high,Lahore University Management  Science,Lahore University of Management Sciences,
316,high,Huazhong University Of Science And Technology,Huazhong University of Science and Technology,
317,high,University Of London,University of London,
318,google-match,Universidad Catolica Boliviana,"Universidad Católica Boliviana, La Paz",
319,not changed,"Graduate School Of Economics, Getulio Vargas Fndn.","Graduate School Of Economics, Getulio Vargas Fndn.",
320,high,Moscow State University,Moscow State University,
321,high,Moscow Institute Of Physics & Technology,Moscow Institute of Physics and Technology,
322,google-match,University Of Mannheim,Universität Mannheim,
323,high,Jilin University,Jilin University,
324,partial-100,National Economics University,Hanoi National Economics University,
325,high,"Indian Institute Of Technology, Kharagpur","Indian Institute of Technology, Kharagpur",
326,high,Tongji University,Tongji University,
327,high,Cairo University,Cairo University,
328,high,University Of Moratuwa,University of Moratuwa,
329,google-match,Universita Degli Studi Di Parma,University of Parma,
330,high,University Of Wyoming,University of Wyoming,
331,high,University Of Oslo,University of Oslo,
332,not changed,Frankfurt School of Finance & Management,Frankfurt School of Finance & Management,
333,high,University Of Nebraska--Lincoln,University of Nebraska - Lincoln,
334,high,Pomona College,Pomona College,
335,google-match,Universitat Zurich,University of Zürich,
336,high,West Virginia University,West Virginia University,
337,high,Yeshiva University,Yeshiva University,
338,high,University Of Delaware,University of Delaware,
339,not changed,Fundacao Getulio Vargas - Escola de Economia de Sao Paulo,Fundacao Getulio Vargas - Escola de Economia de Sao Paulo,
340,high,Warsaw School Of Economics,Warsaw School of Economics,
341,same-name,Ludwig-Maximilians-University Munich,Ludwig-Maximilians-Universität München,
342,high,University Of Toronto,University of Toronto,
343,high,Universidade De Brasilia,Universidade de Brasília,
344,google-match,University of Trier,Universität Trier,
345,high,Southeast University,Southeast University,
346,high,College Of Charleston,College of Charleston,
347,not changed,Universita Degli Studi Di Modena,Universita Degli Studi Di Modena,
348,high,DePaul University,DePaul University,
349,high,Dongbei University of Finance & Economics,Dongbei University of Finance And Economics,
350,high,Lake Forest College,Lake Forest College,
351,high,Sophia University,Sophia University,
352,high,Davidson College,Davidson College,
353,partial-100,Westminster College,Westminster College Fulton,
354,high,Koc University,Koc University,
355,high,Open University of Israel,Open University of Israel,
356,same-name,Ecole Normale Superieure D'ulm,Ecole Normale Supérieure de Lyon,
357,same-name,Centro De Investigacion Y Docenias Economicas,Centro de Estudios Investigación y Tecnología (CEIT),
358,high,University of Minnesota-Twin Cities,University of Minnesota,
359,high,Universite De Toulouse-Le-Mirail (toulouse Ii),Université de Toulouse-le-Mirail (Toulouse II),
360,high,Vassar College,Vassar College,
361,high,Universidad Del Pais Vasco,Universidad del País Vasco,
362,high,Ohio Wesleyan University,Ohio Wesleyan University,
363,high,University Of Oregon,University of Oregon,
364,high,University Of Oxford-Pembroke College,University of Oxford,pembroke college
365,not changed,Shri Ram College Of Commerce,Shri Ram College Of Commerce,
366,high,University Of Queensland,University of Queensland,
367,high,University Of North Carolina At Chapel Hill,University of North Carolina,
368,high,Ben-Gurion University Of The Negev,Ben-Gurion University of the Negev,
369,google-match,University Of Brasilia,Universidade de Brasília,
370,high,Knox College,Knox College,
371,high,Lanzhou University,Lanzhou University,
372,google-match,Universita Degli Studi Di Napoli,University of Naples Federico II,
373,high,Rice University,Rice University,
374,high,University Of Massachusetts At Boston,University of Massachusetts at Boston,
375,google-match,"Imperial College Of Science, Technology & Medicine",Imperial College London,
376,google-match,Universita Degli Studi Di Milano,University of Milan,
377,high,City University Of New York,City University of New York,
378,high,VIT University (Vellore Institute of Technology),Vellore Institute of Technology,
379,high,Boston University,Boston University,
380,high,Quinnipiac College,Quinnipiac College,
381,high,Foreign Trade University,Foreign Trade University,
382,high,Beloit College,Beloit College,
383,google-match,Plymouth State University,Plymouth State College,
384,high,University Of Western Ontario,University of Western Ontario,
385,high,Australian National University,Australian National University,
386,high,Pontificia Universidad Javeriana Cali,Pontificia Universidad Javeriana,
387,google-match,Martin Luther University,Martin-Luther Universität Halle-Wittenberg,
388,high,University Of Melbourne,University of Melbourne,
389,high,University Of Minnesota--Minneapolis-St. Paul,University of Minnesota,
390,ratio-94,Universite Paris Dauphine (Paris IX),Université Paris-Dauphine (Paris IX),
391,high,University Of Oklahoma,University of Oklahoma,
392,high,Universidade Estadual De Campinas,Universidade Estadual de Campinas,
393,high,University Of Cincinnati,University of Cincinnati,
394,high,Lillehammer University College,Lillehammer University College,
395,same-name,Univ. Catolica 'nuestra Senora De La Asuncion',Universidad Católica Nuestra Senora de la Asunción,
396,high,University Of Durham,University of Durham,
397,high,Carroll University,Carroll University,
398,google-match,Universita Degli Studi Di Firenze,University of Florence,
399,google-match,State University Of New York At Farmingdale,State University of New York College of Technology at Farmingdale,
400,high,Auburn University,Auburn University,
401,high,Wesleyan University,Wesleyan University,
402,high,Babcock University,Babcock University,
403,google-match,National Technical University of Ukraine,National Technical University (Kiev Politechnical Institute),
404,same-name,B.M.S. College of Engineering, L.D.College of Engineering,
405,high,International Christian University,International Christian University,
406,high,Illinois State University,Illinois State University,
407,high,East China Normal University,East China Normal University,
408,high,Universidade Federal Fluminense,Universidade Federal Fluminense,
409,high,Wroclaw University of Economics,Wroclaw University of Economics,
410,high,Franklin And Marshall College,Franklin and Marshall College,
411,high,Athens University of Economics and Business,Athens University of Economics and Business,
412,high,Seton Hall University,Seton Hall University,
413,high,University Of Ottawa,University of Ottawa,
414,high,"Hunter College, City University Of New York",City University of New York,hunter college
415,high,Universitat Hamburg,Universität Hamburg,
416,high,Ecole Nationale Des Ponts Et Chaussees,Ecole Nationale des Ponts et Chausees,
417,high,University Of Tennessee At Knoxville,University of Tennessee - Knoxville,
418,high,New  York University,New York University,
419,high,Universidad De Montevideo,Universidad de Montevideo,
420,high,University Of Western Australia,University of Western Australia,
421,high,University Of Alberta,University of Alberta,
422,high,Shanghai International Studies University,Shanghai International Studies University,
423,high,Tianjin Foreign Studies University,Tianjin Foreign Studies University,
424,high,Texas State University,Texas State University,
425,high,University of California San Diego,"University of California, San Diego",
426,ratio-94,The Interdisciplinary Center Herzliya,The Interdisciplinary Center Herzliya,
427,high,Ibmec Sao Paulo,Ibmec Sao Paulo,
428,high,Higher School of Economics,Higher School of Economics,
429,high,Boise State University,Boise State University,
430,high,William Marsh Rice University,Rice University,
431,high,North Central College,North Central College,
432,high,Illinois College,Illinois College,
433,high,Shandong University,Shandong University,
434,high,University of Macau,University of Macau,
435,high,Luiss Guido Carli University,Luiss Guido Carli University,
436,high,University of British Columbia,University of British Columbia,
437,high,University Of York,University of York,
438,high,Shanghai University Of Finance And Economics,Shanghai University of Finance and Economics,
439,high,University Of Oxford-Lincoln College,University of Oxford,lincoln college
440,high,Universidade Federal Do Rio Grande Do Sul,Universidade Federal do Rio Grande do Sul,
441,high,Canisius College,Canisius College,
442,high,Florida State University,Florida State University,
443,high,Furman University,Furman University,
444,high,Universidade Tecnica De Lisboa,Universidade Tecnica de Lisboa,
445,google-match,Instituto TecnolÃ³gico AutÃ³nomo de Mexico,Instituto Tecnológico Autonómo de México,
446,high,Universite Pierre Et Marie Curie (paris Vi),Université Pierre et Marie Curie (Paris VI),
447,high,University Of Auckland,University of Auckland,
448,ratio-93,University of Prishtina,University of Priština,
449,google-match,Eidgenossische Technische Hochschule Zurich,"Swiss Federal Institute of Technology, Zurich",
450,partial-100,Wheaton College,Wheaton College Massachusetts,
451,high,Northeastern University,Northeastern University,
452,high,University Of Alabama In Tuscaloosa,University of Alabama - Tuscaloosa,
453,high,Anglia Polytechnic University,Polytechnic University,
454,high,Hampton University,Hampton University,
455,google-match,Oxford University,University of Oxford,
456,high,Texas Tech University,Texas Tech University,
457,high,University Of Oxford-St. Hilda's College,University of Oxford,st hilda's college
458,high,Kwame Nkrumah University of Science and Technology,Kwame Nkrumah University of Science and Technology,
459,high,Beijing Institute Civil Engineering/architecture,Beijing Institute Civil Engineering/architecture,
460,google-match,Adolfo Ibanez University,Universidad Adolfo Ibáñez,
461,high,Bard College,Bard College,
462,google-match,Athens School Of Economic And Business Sciences,Athens University of Economics and Business,
463,high,Haverford College,Haverford College,
464,high,Colgate University,Colgate University,
465,high,Taylor University,Taylor University,
466,google-match,"Calif. Polytechnic State Univ., San Luis Obispo",California Polytechnic State University - San Luis Obispo,
467,google-match,ITESM -CCM,Tecnológico de Monterrey,
468,high,Sichuan University,Sichuan University,
469,high,University Of Waterloo,University of Waterloo,
470,high,Victoria University Of Wellington,Victoria University of Wellington,
471,high,Universidad De Lima,Universidad de Lima,
472,high,American University In Bulgaria,American University in Bulgaria,
473,high,Scuola Superiore Sant'Anna di Studi Univ. e di Perfezionamento,Scuola Superiore Sant'Anna di Studi Univ. e di Perfezionamento,
474,high,Saint Louis University,Saint Louis University,
475,high,Kyunghee University,Kyunghee University,
476,high,Wuhan University of Technology,Wuhan University of Technology,
477,high,"Indian Institute Of Technology, Madras","Indian Institute of Technology, Madras",
478,high,Vietnam National University,National University,
479,high,University Of London-University College,University of London,university college
480,token-98,"Paris Sorbonne University, Paris IV",Université Paris-Sorbonne (Paris IV),
481,high,Agnes Scott College,Agnes Scott College,
482,high,University Of Massachusetts At Amherst,University of Massachusetts at Amherst,
483,high,University Of Minnesota--Duluth,University of Minnesota - Duluth,
484,google-match,Rijksuniversiteit Groningen,University of Groningen,
485,ratio-94,Friedrich-Alexander-Universitat Erlangen-Nurnberg,Friedrich-Alexander Universität Erlangen-Nürnberg,
486,google-match,University of Castilla-La Mancha,Universidad de Castilla La Mancha,
487,high,University Of Canterbury,University of Canterbury,
488,high,Dartmouth College,Dartmouth College,
489,high,Berklee College Of Music,Berklee College of Music,
490,google-match,Eafit University,Universidad EAFIT,
491,high,Universita Degli Studi Di Trieste,Universita Degli Studi Di Trieste,
492,high,University Of Nigeria,University of Nigeria,
493,high,Katholieke Universiteit Leuven,Katholieke Universiteit Leuven,
494,google-match,Instituto TecnolÃ³gico AutÃ³nomo de MÃ©xico (ITAM),Instituto Tecnológico Autonómo de México,
495,high,LUISS Guido Carli University,Luiss Guido Carli University,
496,google-match,IBMEC,Ibmec Sao Paulo,
497,high,Auburn University Main Campus,Auburn University,
498,high,Cornell College,Cornell University,college
499,high,University Of Oxford-St. Catharine's College,University of Oxford,st catharine's college
500,high,University Of Cambridge,University of Cambridge,
501,high,Gonzaga University,Gonzaga University,
502,high,Muhlenberg College,Muhlenberg College,
503,high,Soka University of America,Soka University of America,
504,high,Sung Kyun Kwan University,Sung Kyun Kwan University,
505,google-match,Instituto Tecnologico Autonomo de Mexico ITAM,Instituto Tecnológico Autonómo de México,
506,not changed,International Academy of Business,International Academy of Business,
507,google-match,Technical University Berlin,Technische Universität Berlin,
508,high,University Of Manchester,University of Manchester,
509,high,Maharaja Sayajirau University Of Baroda,Maharaja Sayajirao University of Baroda,
510,high,University of Geneva,University of Geneva,
511,high,Augsburg College,Augsburg College,
512,high,Universidade Federal De Minas Gerais,Universidade Federal de Minas Gerais,
513,high,Rhodes College,Rhodes College,
514,high,University Of Kentucky,University of Kentucky,
515,google-match,Karl-Franzens-Universitat Graz,Universität Graz,
516,google-match,Universita degli Studi di Roma 'La Sapienza',"University of Roma ""La Sapienza""",
517,high,Aoyama Gakuin University,Aoyama Gakuin University,
518,high,"University Of California, San Diego","University of California, San Diego",
519,high,Universidad Nacional De La Plata,Universidad Nacional de La Plata,
520,high,Robert Morris University,Robert Morris University,
521,high,Sogang Univesity,Sogang University,
522,high,Universidad De Buenos Aires,Universidad de Buenos Aires,
523,high,"University Of Maryland, Baltimore County",University of Maryland Baltimore County,
524,high,Victoria University Of Technology,Victoria University,
525,high,University Of Dallas,University of Dallas,
526,high,University Of Maryland At College Park (umcp),University of Maryland,college park umcp
527,partial-97,Universidad Catolica De Santiago,Universidad Católica de Santiago del Estero,
528,high,Hanoi National University,National University,
529,high,Ecole Centrale De Paris,Ecole Centrale De Paris,
530,high,Syracuse University,Syracuse University,
531,high,National University of Singapore,National University of Singapore,
532,high,Connecticut College,Connecticut College,
533,high,Universidad Nacional San Cristobal de Huamanga,Universidad Nacional de San Cristóbal de Huamanga,
534,google-match,University of Potsdam,Universität Potsdam,
535,high,International Islamic University,International Islamic University,
536,google-match,Hong Kong Polytechnic,Hong Kong Polytechnic University,
537,high,Universidad Anahuac,Universidad Anáhuac,
538,high,Beijing Foreign Studies University,Beijing Foreign Studies University,
539,high,Kalamazoo College,Kalamazoo College,
540,google-match,University of Brasilia,Universidade de Brasília,
541,high,University Of London-Royal Holloway College,University of London,royal holloway college
542,high,Loyola Marymount University,Loyola Marymount University,
543,high,Middle Tennessee State University,Middle Tennessee State University,
544,high,Shanghai Jiao Tong University,Shanghai Jiaotong University,
545,high,Purdue University,Purdue University,
546,high,Loyola University Of Chicago,Loyola University of Chicago,
547,google-match,Manipal Institute Of Technology,Manipal University,
548,high,Universidade Federal do Rio de Janeiro,Universidade Federal do Rio de Janeiro,
549,google-match,Universite Antilles,Université des Antilles et de la Guyane,
550,high,University Of Edinburgh,University of Edinburgh,
551,google-match,Instituto Tecnologico Autonomo de Mexico (ITAM),Instituto Tecnológico Autonómo de México,
552,not changed,Academy of National Economy under the Russian Government,Academy of National Economy under the Russian Government,
553,high,Dnipropetrovs'k National University,Dnepropetrovsk National University,
554,high,Loyola University New Orleans,Loyola University New Orleans,
555,ratio-94,Ludwig-Maximillians-Universitat Munchen,Ludwig-Maximilians-Universität München,
556,high,"University Of Michigan, Ann Arbor",University of Michigan,
557,google-match,Universita Cattolica Del Sacro Cuore,Catholic University of the Sacred Heart,
558,same-name,Universiteit Maastricht,University of Maastricht,
559,high,Soka Univeristy of America,Soka University of America,
560,high,University Of Bergen,University of Bergen,
561,high,Mcmaster University,McMaster University,
562,high,Clemson University,Clemson University,
563,high,Imperial College London,Imperial College London,
564,high,Universidad Catolica Andres Bello,Universidad Católica Andres Bello,
565,not changed,Huhhot,Huhhot,
566,google-match,Universita Degli Studi di Pisa,University of Pisa,
567,google-match,Vanguard University,Vanguard University of Southern California,
568,high,Universidad De Concepcion,Universidad de Concepcion,
569,high,Jadavpur University,Jadavpur University,
570,high,Temple University,Temple University,
571,high,University of Calgary,University of Calgary,
572,high,Covenant College,Covenant College,
573,high,Universidad Nacional Mayor De San Marcos,Universidad Nacional Mayor de San Marcos,
574,high,Rheinische Friedrich-Wilhelms-Universitat Bonn,Rheinische Friedrich-Wilhelms Universität Bonn,
575,google-match,Norges Handelshoyskole,Norwegian School of Economics and Business Administration,
576,high,East China University of Science and Technology,East China University of Science and Technology,
577,high,Lebanese American University,Lebanese American University,
578,high,University of Cambridge,University of Cambridge,
579,high,Trent University,Trent University,
580,high,Zhejiang Gongshang University,Zhejiang Gongshang University,
581,high,University of London,University of London,
582,high,University Of Miami,University of Miami,
583,high,Hanyang University,Hanyang University,
584,google-match,Universitat Wien,Universität Vienna,
585,same-name,Johann Wolfgang Goethe-Universitat Frankfurt,Johann Wolfgang Goethe Universität Frankfurt am Main,
586,high,Siena College,Siena College,
587,high,Ferdowsi University of Mashhad,Ferdowsi University of Mashhad,
588,google-match,Southern Illinois University--Edwardsville,Southern Illinois University at Edwardsville,
589,google-match,University Of Bayreuth,Universität Bayreuth,
590,high,University of Bristol,University of Bristol,
591,high,Sophia College for Women,Sophia College for Women,
592,high,Birla Institute Of Technology & Science,Birla Institute of Technology and Science,
593,high,University Of Houston--University Park,University of Houston,
594,high,universidad de los andes,Universidad de Los Andes,
595,high,Escola De Administracao De Empresas De Sao Paulo,Escola De Administracao De Empresas De Sao Paulo,
596,high,Indian Institute of Technology Delhi,"Indian Institute of Technology, Delhi",
597,high,University Of South Carolina,University of South Carolina,
598,high,Kenyon College,Kenyon College,
599,high,St. Vincent College,St. Vincent College,
600,google-match,Ryerson Polytechnic Institute,Ryerson Polytechnic University,
601,high,Open University Of Israel,Open University of Israel,
602,high,Keio University,Keio University,
603,partial-100,Huaqiao University,Huaqiao University Quanzhuo,
604,high,University College Utrecht (Utrecht University),Utrecht University,university college utrecht
605,high,University Of Minnesota-Morris,University of Minnesota - Morris,
606,same-name,Helsinki School Of Econ. & Business Administration,Helsinki School of Economics and Business Administration,
607,high,University of St. Andrews,University of St. Andrews,
608,high,University Of Manitoba,University of Manitoba,
609,high,Pontificia Universidad Catolica Del Ecuador,Pontificia Universidad Católica del Ecuador,
610,high,Xian Jiaotong University,Xi'an Jiaotong University,
611,high,Occidental College,Occidental College,
612,high,University of Science and Technology of China,University of Science and Technology of China,
613,high,Beijing Forestry University,Beijing Forestry University,
614,high,University Of Colorado At Denver,University of Colorado at Denver,
615,high,Ohio University,Ohio University,
616,high,Mersin University,Mersin University,
617,high,La Trobe University,La Trobe University,
618,high,Harvey Mudd College,Harvey Mudd College,
619,high,Creighton University,Creighton University,
620,high,University Of Science And Technology Beijing,University of Science and Technology Beijing,
621,high,St. Mary's College Of Maryland,St. Mary's College of Maryland,
622,high,"Long Island University, C. W. Post Center",Long Island University,c w post center
623,high,University Of South Florida,University of South Florida,
624,high,University Of Central Florida,University of Central Florida,
625,google-match,Virginia Polytechnic Institute and State University,Virginia Polytechnic Institute and State University (Virginia Tech),
626,high,University Of Kerala,University of Kerala,
627,high,"California State University, Fullerton","California State University, Fullerton",
628,high,Virginia Commonwealth University,Virginia Commonwealth University,
629,high,Suffolk University,Suffolk University,
630,high,Escola Politecnica da Universidade de Sao Paulo,Escola Politecnica da Universidade de Sao Paulo,
631,ratio-93,Universidad Cristobal Colon,Universidad Cristóbal Colón,
632,google-match,Humboldt University of Berlin,Humboldt Universität Berlin,
633,high,Union College,Union College,
634,high,Kansas State University,Kansas State University,
635,high,MS Ramaiah institute Of Technology,Ramaiah Institute of Technology,
636,not changed,University Of Indonesia,University Of Indonesia,
637,high,Iowa State University of Science and Technology,Iowa State University of Science and Technology,
638,same-name,Pont Univ of the Holy Cross,College of the Holy Cross,
639,not changed,Delhi School of Economics,Delhi School of Economics,
640,high,El Colegio De Mexico,El Colegio de México,
641,high,University Of Nebraska At Omaha,University of Nebraska - Omaha,
642,high,New Economic School,New Economic School,
643,google-match,Universite De Neuchatel,University of Neuchatel,
644,not changed,Center for Economic Research & Graduate Education-Econ. Inst.,Center for Economic Research & Graduate Education-Econ. Inst.,
645,high,Central Michigan University,Central Michigan University,
646,not changed,Chinese Academy Of Social Sciences,Chinese Academy Of Social Sciences,
647,high,Universidad Autonoma De Madrid,Universidad Autónoma de Madrid,
648,high,Central European University,Central European University,
649,high,Barcelona Graduate School of Economics,Barcelona Graduate School of Economics,
650,high,Collegio Carlo Alberto,Collegio Carlo Alberto,
651,token-100,Durham University,University of Durham,
652,high,York University,York University,
653,high,Georgia State University,Georgia State University,
654,high,University Of Oxford-Nuffield College,University of Oxford,nuffield college
655,high,Queens University,Queens University,
656,high,Gordon-Conwell Theological Seminary,Gordon Conwell Theological Seminary,
657,same-name,Paris School of Economics,Warsaw School of Economics,
658,high,TERI University,Tenri University,
659,high,Tbilisi State University,Tbilisi State University,
660,high,Ecoles Des Hautes Etudes En Sciences Sociales,Ecoles Des Hautes Etudes En Sciences Sociales,
661,high,"University of Banja Luka, Faculty of Economics",University of Banja Luka,
662,high,University Of Denver,University of Denver,
663,partial-97,Otto-von-Guericke Universitat,Otto-von-Guericke Universität Magdeburg,
664,google-match,London School of Economics and Political Science,"London School of Economics and Political Science, University of London",
665,high,University Of Nottingham,University of Nottingham,
666,high,University Of Cambridge-Clare Hall,University of Cambridge,
667,high,University Of Essex,University of Essex,
668,not changed,The Graduate Institute Of International and Development Studies,The Graduate Institute Of International and Development Studies,
669,high,Western Illinois University,Western Illinois University,
670,same-name,Universita degli Studi di Roma Tor Vergata (CIES),Universita Degli Studi Di Trieste,
671,high,National Tsing Hua University,National Tsinghua University,
672,high,Hosei University,Hosei University,
673,high,State University Of New York At Albany,State University of New York at Albany,
674,high,Cranfield University,Cranfield University,
675,high,Illinois Institute Of Technology,Illinois Institute of Technology,
676,high,University Of Dar Es Salaam,University of Dar Es Salaam,
677,high,Universite Des Sciences Sociales (toulouse I),Université des Sciences Sociales (Toulouse I),
678,google-match,UniversitÃ  degli studi di Roma Tor Vergata,"University of Roma ""Tor Vergata""",
679,high,University Of Greenwich,University of Greenwich,
680,partial-100,Institute for Advanced Studies,Dublin Institute for Advanced Studies,
681,high,Montana State University,Montana State University,
682,high,University of Illinois at Chicago,University of Illinois at Chicago,
683,not changed,Centro De Estudios Monetarios Y Financieros,Centro De Estudios Monetarios Y Financieros,
684,high,Pepperdine University,Pepperdine University,
685,high,Indian Statistical Institute,Indian Statistical Institute,
686,high,Murdoch University,Murdoch University,
687,high,University of Bologna,University of Bologna,
688,ratio-94,Shahid Beheshti University,Shaheed Beheshti University,
689,high,University Of Cambridge-Peterhouse,University of Cambridge,
690,same-name,Universite Toulouse I,Université de Toulouse,
691,google-match,Humboldt University,Humboldt State University,
692,high,State University Of New York At Buffalo,State University of New York at Buffalo,
693,not changed,Johns Hopkins Univ. Paul H. Nitze School of Adv. Int'l Studies,Johns Hopkins Univ. Paul H. Nitze School of Adv. Int'l Studies,
694,high,Presidency University,Presidency University,
695,not changed,"Postgradaute Institute of Management, University of Sri Jayeward","Postgradaute Institute of Management, University of Sri Jayeward",
696,google-match,Humboldt University in Berlin,Humboldt Universität Berlin,
697,high,Waseda University,Waseda University,
698,high,"California State University, Hayward","California State University, Hayward",
699,high,Vrije Universiteit Brussel,Vrije Universiteit Brussel,
700,high,Stockholm School Of Economics,Stockholm School of Economics,
701,high,"Indian Institute Of Technology, Kanpur","Indian Institute of Technology, Kanpur",
702,google-match,Ecole Superieure d'Electricite-SUPELEC,Ecole Centrale De Paris,
703,high,Kyiv School of Economics,Kiev School Of Economics,
704,high,Indira Gandhi National Open University,Indira Gandhi National Open University,
705,high,Wroclaw University of Technology,University of Technology,
706,high,Indian Institute of Management Ahmedabad,Indian Institute of Management Ahmedabad,
707,high,Roosevelt University,Roosevelt University,
708,high,University Of Guelph,University of Guelph,
709,google-match,Bergische Universitaet Wuppertal,Kirchliche Hochschule Wuppertal,
710,high,"Columbia University, Barnard College",Columbia University,barnard college
711,high,Toulouse school of Economics(M2),Toulouse school of Economics,
712,high,Georgia Institute Of Technology,Georgia Institute of Technology,
713,high,University Of Missouri--Kansas City,University of Missouri - Kansas City,
714,google-match,Universidad Colegio Mayor de Nuestra Senora del Ro,Universidad del Rosario,
715,google-match,"Korea Development Institute, School of Pub. Policy & Management",KDI School of Public Policy and Management,
716,high,Toulouse School of Economics,Toulouse school of Economics,
717,high,Oklahoma State University--Main Campus,Oklahoma State University,
718,high,University Of Leicester,University of Leicester,
719,not changed,Groupe HEC,Groupe HEC,
720,high,University Of Memphis,University of Memphis,
721,high,University Of Wisconsin--Milwaukee,University of Wisconsin - Milwaukee,
722,high,University Of Cambridge-Pembroke College,University of Cambridge,pembroke college
723,high,Kent State University,Kent State University,
724,high,Bilkent University,Bilkent University,
725,same-name,Universita Commerciale 'Luigi Bocconi',University of Commerce Luigi Bocconi,
726,google-match,Tulane University,The Tulane University of New Orleans,
727,exactmatch,Instituto De Matematica Pura E Aplicada,Instituto Nacional de Matemática Pura e Aplicada - IMPA,
728,high,Pontificia Universidad Catolica Del Peru,Pontificia Universidad Católica del Perú,
729,high,Azusa Pacific University,Azusa Pacific University,
730,exactmatch,Instituto TecnÃ³logico de MÃ©xico (ITAM),Instituto Tecnológico Autonómo de México,
731,high,University Of Texas At Dallas,University of Texas at Dallas,
732,high,Institute Of Social Studies,Institute of Social Studies,
733,high,University Of North Carolina At Charlotte,University of North Carolina at Charlotte,
734,high,University Of Kent At Canterbury,University of Kent,
735,high,San Francisco State University,San Francisco State University,
736,high,University of Oulu,University of Oulu,
737,high,New York University School of Law,New York University,school of law
738,high,University Of Wisconsin- Madison,University of Wisconsin - Madison,
739,high,Universidad Alberto Hurtado,Universidad Alberto Hurtado,
740,high,University of York,University of York,
741,high,UFSCAR,Universidade Federal de São Carlos,
742,high,University Of Helsinki,University of Helsinki,
743,high,Xi`an Jiaotong University,Xi'an Jiaotong University,
744,high,Florida Atlantic University,Florida Atlantic University,
745,high,"California State University, Long Beach","California State University, Long Beach",
746,same-name,Centre for Development Studies,University for Development Studies,
747,high,Osaka University,Osaka University,
748,high,Washington State University,Washington State University,
