,newid,Institution of highest degree obtained,name
0,66300,"University of California, Los Angeles","University of California, Los Angeles"
1,294827,-,
2,865258,Technical University Munich,Technical University Munich
3,278037,University of Wisconsin-Madison,University of Wisconsin - Madison
4,648466,Stanford University,Stanford University
5,743515,-,
6,897398,-,
7,521898,University of Michigan,University of Michigan
8,29,"University of California, Davis","University of California, Davis"
9,801516,Texas A&M University,Texas A&M University
10,297944,Toulouse School of Economics,Toulouse School of Economics
11,85527,Boston University,Boston University
12,626868,-,
13,655958,-,
14,98708,Florida State University,Florida State University
15,26618,Graduate Institute of International and Development Studies,Graduate Institute of International and Development Studies
16,193814,Carnegie Mellon University,Carnegie Mellon University
17,620363,"University of California, Davis","University of California, Davis"
18,841306,"University of California, Berkeley","University of California, Berkeley"
19,271977,Yale University,Yale University
20,820403,Humboldt-Universität zu Berlin,Humboldt Universität Berlin
21,82228,Sharif University of Technology,Sharif University of Technology
22,274056,Yale University,Yale University
23,625448,University of Oxford,University of Oxford
24,546575,Harvard University,Harvard University
25,451599,University of Chicago,University of Chicago
26,260582,University of Oxford,University of Oxford
27,15527,-,
28,200684,-,
29,447652,Penn State University,Pennsylvania State University
30,885441,The University of Texas at Austin,University of Texas
31,271279,Columbia University in the City of New York,Columbia University
32,243030,"University of California, Santa Barbara","University of California, Santa Barbara"
33,185333,-,
34,66695,-,
35,417699,Northwestern University,Northwestern University
36,647625,European University Institute,European University Institute
37,655031,University of Minnesota-Twin Cities,University of Minnesota
38,323116,The University of Texas at Austin,University of Texas
39,792887,Yale University,Yale University
40,220417,Columbia University in the City of New York,Columbia University
41,586826,-,
42,285425,University of Michigan,University of Michigan
43,413040,"University of California, Irvine","University of California, Irvine"
44,125487,Ecole polytechnique fédérale de Lausanne,Ecole polytechnique fédérale de Lausanne
45,93026,-,
46,150006,American University,American University
47,804352,University of Wisconsin-Madison,University of Wisconsin - Madison
48,262614,University of Wisconsin-Madison,University of Wisconsin - Madison
49,491981,University of Chicago Booth School of Business,University of Chicago - Booth School Of Business
50,319936,The University of Chicago,University of Chicago
51,485045,The Ohio State University,Ohio State University
52,706150,-,
53,994950,UC San Diego,"University of California, San Diego"
54,214884,The London School of Economics and Political Science (LSE),"London School of Economics and Political Science, University of London"
55,980134,University of Arizona,University of Arizona
56,74233,UNIVERSITY OF ILLINOIS URBANA-CHAMPAIGN,University of Illinois at Urbana-Champaign
57,636970,-,
58,433327,Yale University,Yale University
59,451093,University of Wisconsin-Madison,University of Wisconsin - Madison
60,591661,Stanford University Graduate School of Business,Stanford University - Graduate School Of Business
61,793416,-,
62,509136,Stanford University,Stanford University
63,646758,-,
64,35863,University of Washington,University of Washington
65,752087,-,
66,715462,-,
67,984465,-,
68,387335,University of Pennsylvania,University of Pennsylvania
69,929825,University of Wisconsin-Madison,University of Wisconsin - Madison
70,169032,Graduate Institute of International and Development Studies,Graduate Institute of International and Development Studies
71,973453,New York University,New York University
72,826015,-,
73,431772,The Ohio State University,Ohio State University
74,560230,Harvard University Kennedy School of Government,Harvard University - Kennedy School Of Government
75,173916,Georgetown University,Georgetown University
76,789568,University of Toronto,University of Toronto
77,858301,-,
78,941241,University of Wisconsin-Madison,University of Wisconsin - Madison
79,195580,New York University,New York University
80,58873,-,
81,973742,-,
82,709900,The Ohio State University,Ohio State University
83,450596,-,
84,538594,-,
85,305167,-,
86,98590,-,
87,701904,-,
88,257527,Yonsei University,Yonsei University
89,698043,Boston University,Boston University
90,142283,Massachusetts Institute of Technology - Sloan School of Management,Massachusetts Institute of Technology - Sloan School Of Management
91,353411,Stanford University Graduate School of Business,Stanford University - Graduate School Of Business
92,39359,University of Southern California,University of Southern California
93,57348,Mayo Clinic School of Medicine,Mayo Clinic School of Medicine
94,918582,-,
95,971527,-,
96,978758,New York University,New York University
97,728515,Yale University,Yale University
98,727853,University of California,"University of California, Berkeley"
99,149276,-,
100,18097,-,
101,315313,University of Maryland,University of Maryland
102,436045,The London School of Economics and Political Science (LSE),"London School of Economics and Political Science, University of London"
103,791845,The London School of Economics and Political Science (LSE),"London School of Economics and Political Science, University of London"
104,386011,"University of California, Berkeley","University of California, Berkeley"
105,477926,Georgetown University,Georgetown University
106,814704,Duke University - The Fuqua School of Business,Duke University - The Fuqua School Of Business
107,789137,Tsinghua University,Tsinghua University
108,311355,-,
109,552512,Yale University,Yale University
110,441940,Massachusetts Institute of Technology,Massachusetts Institute of Technology
111,256476,The George Washington University,George Washington University
112,818322,Stanford University,Stanford University
113,797527,"University of California, Los Angeles","University of California, Los Angeles"
114,111179,University of Wisconsin-Madison,University of Wisconsin - Madison
115,19470,University of Chicago,University of Chicago
116,730872,New York University,New York University
117,777826,Seoul National University,Seoul National University
118,416517,Durham University,University of Durham
119,204544,-,
120,286295,Brigham Young University - Idaho,Brigham Young University - Idaho
121,416992,-,
122,568008,The University of Chicago Booth School of Business,University of Chicago - Booth School Of Business
123,874275,Columbia University in the City of New York,Columbia University
124,902596,-,
125,775854,Northwestern University,Northwestern University
126,515310,-,
127,603437,University of Houston,University of Houston
128,911720,-,
129,440910,University of Texas at Austin,University of Texas
130,149037,Cornell University,Cornell University
131,523828,Universit of Maryland,University of Maryland
132,822008,-,
133,793512,College of Creative Arts at West Virginia University,West Virginia University - College Of Creative Arts
134,452155,Stanford University,Stanford University
135,123841,Pontifical Catholic University of Rio de Janeiro,Pontifical Catholic University of Rio de Janeiro
136,699125,"University of California, Berkeley","University of California, Berkeley"
137,893727,-,
138,879398,Harvard Business School,Harvard University - Business School
139,208983,-,
140,4075,University of Colorado,University of Colorado at Boulder
141,366412,-,
142,926907,Cornell University,Cornell University
143,548242,Cornell University - Johnson Graduate School of Management,Cornell University - Johnson Graduate School Of Management
144,730117,Yale University,Yale University
145,81640,London School of Economics and Political Science,"London School of Economics and Political Science, University of London"
146,980699,Indiana University,Indian University
147,385201,Northwestern University,Northwestern University
148,752963,University of Minnesota,University of Minnesota
149,429628,Massachusetts Institute of Technology,Massachusetts Institute of Technology
150,272557,Boston University Questrom School of Business,Boston University - Questrom School Of Business
151,401262,University of Maryland,University of Maryland
152,904617,Arizona State University,Arizona State University
153,376581,"University of California, Santa Barbara","University of California, Santa Barbara"
154,653008,Princeton University,Princeton University
155,833485,University of Mannheim,University of Mannheim
156,499206,-,
157,5298,Yale University,Yale University
158,738614,-,
159,224581,Massachusetts Institute of Technology,Massachusetts Institute of Technology
160,606110,Duke University - The Fuqua School of Business,Duke University - The Fuqua School Of Business
161,680575,-,
162,895741,New York University,New York University
163,128254,University of Florida,University of Florida
164,899575,-,
165,90719,Massachusetts Institute of Technology,Massachusetts Institute of Technology
166,64686,Columbia University in the City of New York,Columbia University
167,464283,"University of California, Berkeley","University of California, Berkeley"
168,575652,-,
169,580673,Yale University,Yale University
170,106263,Osaka University,Osaka University
171,31215,Columbia University in the City of New York,Columbia University
172,470323,UC Irvine,"University of California, Irvine"
173,34471,-,
174,836820,Arizona State University,Arizona State University
175,953384,"University of California, Berkeley","University of California, Berkeley"
176,675716,University of Washington,University of Washington
177,716499,-,
178,240185,Princeton University,Princeton University
179,467389,-,
180,548494,-,
181,945564,The Ohio State University,Ohio State University
182,742687,Princeton University,Princeton University
183,789665,The London School of Economics and Political Science (LSE),"London School of Economics and Political Science, University of London"
184,569753,University of Minnesota-Twin Cities,University of Minnesota
185,755750,University of Maryland College Park,University of Maryland
186,419314,-,
187,703001,Northwestern University,Northwestern University
188,972265,Stanford University Graduate School of Business,Stanford University - Graduate School Of Business
189,312467,-,
190,319043,University of Wisconsin-Madison,University of Wisconsin - Madison
191,942164,University of Maryland College Park,University of Maryland
192,244130,"University of California, Davis","University of California, Davis"
193,316875,University of Pennsylvania - The Wharton School,University of Pennsylvania - The Wharton School
194,717214,-,
195,717711,University of Pennsylvania,University of Pennsylvania
196,576191,Princeton University,Princeton University
197,929314,Claremont Graduate University,Claremont Graduate University
198,32894,-,
199,435024,"University of California, Berkeley","University of California, Berkeley"
200,896965,The University of Texas at Austin,University of Texas
201,471489,Stanford University Graduate School of Business,Stanford University - Graduate School Of Business
202,525913,Yale University,Yale University
203,837335,-,
204,532010,-,
205,725879,-,
206,316714,University of Hamburg,University of Hamburg
207,467240,Johns Hopkins University Advanced Academic Programs,Johns Hopkins University
208,81624,Princeton University,Princeton University
209,12166,"University of Minnesota, Twin Cities",University of Minnesota
210,5021,Massachusetts Institute of Technology,Massachusetts Institute of Technology
211,495294,Princeton University,Princeton University
212,462447,University of Washington,University of Washington
213,333909,Clemson University,Clemson University
214,585932,University of Wisconsin-Madison,University of Wisconsin - Madison
215,434680,Harvard University,Harvard University
216,545247,Stanford University,Stanford University
217,1746,The University of Chicago Booth School of Business,University of Chicago - Booth School Of Business
218,552751,Columbia University in the City of New York,Columbia University
219,253242,University of Minnesota,University of Minnesota
220,219989,-,
221,977166,Boston University,Boston University
222,420095,-,
223,378005,Harvard University,Harvard University
224,321798,Stanford University,Stanford University
225,52357,Catholic University of Sacred Heart,Catholic University of the Sacred Heart
226,310643,Harris School of Public Policy at the University of Chicago,University of Chicago - Harris School Of Public Policy
227,820805,-,
228,386273,-,
229,58178,Boston College,Boston College
230,685744,The University of Chicago Booth School of Business,University of Chicago - Booth School Of Business
231,899019,-,
232,970569,The University of Texas School of Law,University of Texas - School Of Law
233,492388,-,
234,939468,University of Waterloo,University of Waterloo
235,696000,University of Wisconsin-Madison,University of Wisconsin - Madison
236,283827,-,
237,252880,New York University,New York University
238,884098,"University of California, San Diego","University of California, San Diego"
239,439363,-,
240,268874,University of Zurich,University of Zürich
241,539177,-,
242,606922,-,
243,681982,"University of California, Berkeley","University of California, Berkeley"
244,211345,Harvard University,Harvard University
245,792525,University of Wisconsin-Madison,University of Wisconsin - Madison
246,689702,Harvard University,Harvard University
247,845845,Harvard University,Harvard University
248,818440,The London School of Economics and Political Science (LSE),"London School of Economics and Political Science, University of London"
249,227272,The University of Chicago,University of Chicago
250,67568,University of Oxford,University of Oxford
251,276861,-,
252,631240,"Wharton School, University of Pennsylvania",University of Pennsylvania - Wharton School
253,561873,"University of California, Berkeley, Haas School of Business","University of California, Berkeley - Haas School Of Business"
254,219404,The University of Texas at Austin,University of Texas
255,839631,-,
256,420148,-,
257,151271,-,
258,347871,Stanford University,Stanford University
259,530971,-,
260,937201,-,
261,52511,University of Michigan,University of Michigan
262,422382,Carnegie Mellon University,Carnegie Mellon University
263,128665,Penn State University,Pennsylvania State University
264,351188,Syracuse University,Syracuse University
265,354340,-,
266,905569,-,
267,390659,Cornell Johnson Graduate School of Management,Cornell University - Johnson Graduate School Of Management
268,916047,University of Maryland,University of Maryland
269,60151,Massachusetts Institute of Technology,Massachusetts Institute of Technology
270,191998,University of Colorado Boulder,University of Colorado at Boulder
271,834893,-,
272,55000,-,
273,130931,University of Illinois at Chicago,University of Illinois at Chicago
274,501240,-,
275,103956,University of Minnesota-Twin Cities,University of Minnesota
276,527190,Harris School of Public Policy at the University of Chicago,University of Chicago - Harris School Of Public Policy
277,962394,Yale University,Yale University
278,385590,NYU Stern School of Business,New York University - Stern School Of Business
279,654722,University of Pennsylvania,University of Pennsylvania
280,619700,-,
281,911855,Indiana University Bloomington,Indiana University at Bloomington
282,701825,The University of Texas at Austin,University of Texas
283,375143,-,
284,643201,-,
285,159830,Massachusetts Institute of Technology,Massachusetts Institute of Technology
286,289214,-,
287,840013,-,
288,159983,Northwestern University,Northwestern University
289,922976,New York University School of Law,New York University - School Of Law
290,401894,The Ohio State University,Ohio State University
291,618659,Princeton University,Princeton University
292,260944,"University of California, Berkeley","University of California, Berkeley"
293,517322,Princeton University,Princeton University
294,744281,Saint Louis University,Saint Louis University
295,252532,Catholic University of Louvain,Université catholique de Louvain
296,181697,UCLA,"University of California, Los Angeles"
297,716912,University of Maryland,University of Maryland
298,183480,Harvard University,Harvard University
299,84985,-,
300,637240,-,
301,880534,Columbia University in the City of New York,Columbia University
302,143025,-,
303,899341,Harvard University,Harvard University
304,199030,-,
305,928317,Michigan State University,Michigan State University
306,572612,Harvard University,Harvard University
307,972485,-,
308,941918,UNC Kenan-Flagler Business School,University of North Carolina - Kenanflagler Business School
309,408617,University of Wisconsin-Madison,University of Wisconsin - Madison
310,684782,Stanford University Graduate School of Business,Stanford University - Graduate School Of Business
311,149266,University of Southern California,University of Southern California
312,60972,-,
313,481345,Lomonosov Moscow State University (MSU),Moscow State University
314,536932,Cornell University,Cornell University
315,636452,-,
316,737492,Northwestern University - Kellogg School of Management,Northwestern University - Kellogg School Of Management
317,47048,European University Institute,European University Institute
318,771936,Duke University - The Fuqua School of Business,Duke University - The Fuqua School Of Business
319,933452,-,
320,837658,"University of California, Berkeley","University of California, Berkeley"
321,300461,London School of Economics and Political Science,"London School of Economics and Political Science, University of London"
322,40315,-,
323,983502,-,
324,58218,-,
325,989615,Columbia University in the City of New York,Columbia University
326,724572,New York University,New York University
327,499717,Stanford University Graduate School of Business,Stanford University - Graduate School Of Business
328,485851,-,
329,762113,Stanford University Graduate School of Business,Stanford University - Graduate School Of Business
330,955396,University of Amsterdam,University of Amsterdam
331,686875,Carnegie Mellon University,Carnegie Mellon University
332,135591,Northwestern University - Kellogg School of Management,Northwestern University - Kellogg School Of Management
333,922148,Vanderbilt University,Vanderbilt University
334,457782,University of Michigan,University of Michigan
335,67814,-,
336,499852,Harvard University,Harvard University
337,798940,Harvard University,Harvard University
338,63085,Harvard University,Harvard University
339,940692,Cornell University,Cornell University
340,79263,Boston University,Boston University
341,372291,Fundação Getúlio Vargas,Fundação Getulio Vargas
342,172754,New York University - Leonard N. Stern School of Business,New York University - Stern School Of Business
343,679443,University of Minnesota-Twin Cities,University of Minnesota
344,998749,The University of Texas at Austin,University of Texas
345,607528,NYU Stern School of Business,New York University - Stern School Of Business
346,432687,Savitribai Phule Pune University,Savitribai Phule Pune University
347,774671,Cornell University,Cornell University
348,689836,The Wharton School,University of Pennsylvania - The Wharton School
349,898898,Northwestern University,Northwestern University
350,882790,-,
351,427699,-,
352,933909,Cornell University,Cornell University
353,401882,University of Utah,University of Utah
354,903335,-,
355,330477,Harvard University,Harvard University
356,30053,-,
357,538507,Boston College,Boston College
358,789170,-,
359,515927,-,
360,712400,American University,American University
361,962323,-,
362,160605,University of Notre Dame,University of Notre Dame
363,732624,University of Wisconsin - Madison,University of Wisconsin - Madison
364,456349,Harvard Business School,Harvard University - Business School
365,551113,-,
366,176850,Imperial College London,Imperial College London
367,729011,-,
368,643457,Northwestern University,Northwestern University
369,494006,The George Washington University,George Washington University
370,606028,-,
371,441149,Massachusetts Institute of Technology (MIT),Massachusetts Institute of Technology
372,779927,-,
373,835923,University of Massachusetts Boston,University of Massachusetts at Boston
374,980446,Stanford University,Stanford University
375,558109,Emory University,Emory University
376,37803,Boston College,Boston College
377,669384,University of Minnesota,University of Minnesota
378,147446,-,
379,568791,-,
380,257287,Northwestern University,Northwestern University
381,815443,Stanford University,Stanford University
382,102478,Massachusetts Institute of Technology,Massachusetts Institute of Technology
383,460289,-,
384,338351,Massachusetts Institute of Technology,Massachusetts Institute of Technology
385,54948,University of Minnesota,University of Minnesota
386,642600,Columbia University in the City of New York,Columbia University
387,134862,-,
388,563374,Massachusetts Institute of Technology,Massachusetts Institute of Technology
389,331798,The University of Chicago Booth School of Business,University of Chicago - Booth School Of Business
390,742763,Harvard University,Harvard University
391,948223,Harvard University,Harvard University
392,97239,-,
393,828421,Massachusetts Institute of Technology,Massachusetts Institute of Technology
394,852970,Carnegie Mellon University - Tepper School of Business,Carnegie Mellon University - Tepper School Of Business
395,570728,"University of California, Los Angeles","University of California, Los Angeles"
396,111680,University of Michigan,University of Michigan
397,274565,Washington University in St. Louis,Washington University in St. Louis
398,272296,New York University,New York University
399,930175,University of Wisconsin-Madison,University of Wisconsin - Madison
400,213614,Stanford University,Stanford University
401,589299,Cornell University,Cornell University
402,725405,University of Cambridge,University of Cambridge
403,724618,-,
404,163745,-,
405,427606,Stanford University Graduate School of Business,Stanford University - Graduate School Of Business
406,601427,"University of California, Berkeley","University of California, Berkeley"
407,387502,Columbia University in the City of New York,Columbia University
408,281913,University of Pennsylvania - The Wharton School,University of Pennsylvania - The Wharton School
409,393981,International and Development Studies (IHEID),International and Development Studies (IHEID)
410,84844,"University of California, Berkeley","University of California, Berkeley"
411,13681,Peking University,Peking University
412,133995,University of Minnesota-Twin Cities,University of Minnesota
413,293652,The Johns Hopkins University,Johns Hopkins University
414,690491,"University of California, Los Angeles","University of California, Los Angeles"
415,109681,Cornell University,Cornell University
416,468851,The Ohio State University,Ohio State University
417,290737,Purdue University,Purdue University
418,1252,-,
419,370433,-,
420,362906,University of Washington,University of Washington
421,78264,-,
422,577164,University of Toronto Mississauga,"University of Toronto, Mississauga"
423,926097,University of Michigan,University of Michigan
424,382641,Stanford University,Stanford University
425,43430,The University of Texas at Austin,University of Texas
426,752473,-,
427,893910,-,
428,869421,Yale University,Yale University
429,723659,Universitat Pompeu Fabra,Universitat Pompeu Fabra
430,789195,Duke University,Duke University
431,187777,-,
432,178592,University of Pennsylvania - The Wharton School,University of Pennsylvania - The Wharton School
433,43111,-,
434,562031,Yale University,Yale University
435,694764,Michigan State University,Michigan State University
436,704249,"University of California, Davis","University of California, Davis"
437,188479,University of Pennsylvania,University of Pennsylvania
438,844516,-,
439,332277,University of Southern California,University of Southern California
440,132177,-,
441,341838,Northwestern University,Northwestern University
442,157907,The Johns Hopkins University,Johns Hopkins University
443,605654,"University of California, Davis","University of California, Davis"
444,449598,University of Warwick,University of Warwick
445,343720,-,
446,302727,Princeton University,Princeton University
447,654418,Harris School of Public Policy at the University of Chicago,University of Chicago - Harris School Of Public Policy
448,212332,-,
449,894373,University of Virginia,University of Virginia
450,142517,-,
451,468630,Stanford University,Stanford University
452,678863,Massachusetts Institute of Technology,Massachusetts Institute of Technology
453,411566,University of Oxford,University of Oxford
454,7862,"University of California, Berkeley","University of California, Berkeley"
455,515481,Harvard University,Harvard University
456,183237,-,
457,724015,-,
458,699219,-,
459,462335,Princeton University,Princeton University
460,733296,Yale University,Yale University
461,508396,University of Chinese Academy of Sciences,University of Chinese Academy of Sciences
462,248073,"University of California, San Diego","University of California, San Diego"
463,148140,Georgetown University,Georgetown University
464,624545,University of Texas at Austin,University of Texas
465,750530,"University of California, Berkeley","University of California, Berkeley"
466,912744,University of Illinois at Urbana-Champaign,University of Illinois at Urbana-Champaign
467,424234,Hong Kong University of Science and Technology,Hong Kong University of Science and Technology
468,590764,UC Irvine,"University of California, Irvine"
469,297546,Columbia University in the City of New York,Columbia University
470,433466,Columbia University in the City of New York,Columbia University
471,366308,University of Chicago,University of Chicago
472,111288,University of Virginia,University of Virginia
473,137849,New York University,New York University
474,858201,University of San Francisco,University of San Francisco
475,422582,Università Bocconi,Università Bocconi
476,478660,-,
477,472330,Northwestern University - Kellogg School of Management,Northwestern University - Kellogg School Of Management
478,502,-,
479,678173,-,
480,491491,-,
481,406807,-,
482,533088,-,
483,807805,West Virginia University,West Virginia University
484,586093,Johann Wolfgang Goethe-Universität Frankfurt am Main,Johann Wolfgang Goethe Universität Frankfurt am Main
485,763453,-,
486,919687,"University of California, Berkeley","University of California, Berkeley"
487,294829,Central European University,Central European University
488,135438,SFI Swiss Finance Institute,SFI Swiss Finance Institute
489,362186,University of Cambridge,University of Cambridge
490,713545,"University of California, Irvine","University of California, Irvine"
491,652071,Johns Hopkins University Advanced Academic Programs,Johns Hopkins University
492,734521,Columbia University in the City of New York,Columbia University
493,169853,-,
494,960388,-,
495,998043,Georgia State University - Andrew Young School of Policy Studies,Georgia State University - Andrew Young School Of Policy Studies
496,838087,-,
497,843649,Stanford University,Stanford University
498,345269,Indiana University Bloomington,Indiana University at Bloomington
499,796717,University of Cambridge,University of Cambridge
500,883997,"University of California, Los Angeles","University of California, Los Angeles"
501,847296,University of Rochester,University of Rochester
502,781451,University of Notre Dame,University of Notre Dame
503,706170,Universidad de Chile,Universidad de Chile
504,164203,Duke University,Duke University
505,314576,-,
506,504564,UCLA,"University of California, Los Angeles"
507,327983,Massachusetts Institute of Technology,Massachusetts Institute of Technology
508,666546,Stanford University,Stanford University
509,900574,Massachusetts Institute of Technology,Massachusetts Institute of Technology
510,672199,Columbia University in the City of New York,Columbia University
511,526179,Boston College,Boston College
512,205191,UCL,University College London
513,991489,"New York University, Stern School of Busines",New York University - Stern School Of Busines
514,781972,-,
515,334330,University of Illinois at Urbana-Champaign,University of Illinois at Urbana-Champaign
516,784216,Trinity College Dublin,"University of Dublin, Trinity College"
517,770209,Columbia University,Columbia University
518,428475,-,
519,486921,-,
520,780170,Harvard University,Harvard University
521,692256,Princeton University,Princeton University
522,138183,-,
523,560795,-,
524,993247,Boston University,Boston University
525,340104,Georgetown University,Georgetown University
526,515761,Cornell University,Cornell University
527,375525,Massachusetts Institute of Technology,Massachusetts Institute of Technology
528,313096,Georgetown University,Georgetown University
529,489639,-,
530,292759,Yale University,Yale University
531,707371,University of Michigan,University of Michigan
532,989126,Columbia University in the City of New York,Columbia University
533,831094,New York University,New York University
534,786380,-,
535,979001,Stanford University,Stanford University
536,25141,University of Pennsylvania,University of Pennsylvania
537,412408,Stanford University,Stanford University
538,22946,-,
539,828528,Yale University,Yale University
540,745596,-,
541,429137,-,
542,723381,The George Washington University,George Washington University
543,1235,Stanford University Graduate School of Business,Stanford University - Graduate School Of Business
544,133435,Boston University,Boston University
545,212945,The University of Texas at Austin,University of Texas
546,934895,Cornell University,Cornell University
547,147169,Columbia University,Columbia University
548,752724,-,
549,621768,Boston University,Boston University
550,291560,The London School of Economics and Political Science (LSE),"London School of Economics and Political Science, University of London"
551,32840,Brown University,Brown University
552,919414,-,
553,7075,The Ohio State University,Ohio State University
554,750705,Toulouse School of Economics,Toulouse School of Economics
555,378067,Brown University,Brown University
556,843106,UC Berkeley,"University of California, Berkeley"
557,459774,University of St.Gallen,University of St. Gallen
558,369268,-,
559,540917,University of North Carolina at Chapel Hill - Kenan-Flagler Business School,University of North Carolina - Kenanflagler Business School
560,154067,Duke University,Duke University
561,170315,Princeton University,Princeton University
562,323233,The London School of Economics and Political Science (LSE),"London School of Economics and Political Science, University of London"
563,412929,University of Minnesota,University of Minnesota
564,976049,-,
565,578530,-,
566,403034,"University of California, Berkeley","University of California, Berkeley"
567,346407,-,
568,609508,-,
569,328104,New York University,New York University
570,203844,-,
571,347366,University of Cambridge,University of Cambridge
572,108993,-,
573,393606,Harvard University,Harvard University
574,331644,University of Cambridge,University of Cambridge
575,427924,University of Georgia,University of Georgia
576,716405,Southern Methodist University,Southern Methodist University
577,833554,Simon Fraser University,Simon Fraser University
578,200505,-,
579,886102,Princeton University,Princeton University
580,502273,Massachusetts Institute of Technology,Massachusetts Institute of Technology
581,552120,University of Calgary,University of Calgary
582,712791,-,
583,496910,-,
584,165725,The Australian National University,Australian National University
585,920283,The University of Chicago,University of Chicago
586,282627,-,
587,562442,Columbia University in the City of New,Columbia University
588,467757,"University of California, Los Angeles","University of California, Los Angeles"
589,523063,-,
590,709585,-,
591,42655,Princeton University,Princeton University
592,745172,-,
593,543929,Boston College,Boston College
594,175835,-,
595,811077,-,
596,874912,University of Texas at Austin,University of Texas
597,446429,UC Berkeley School of Information,"University of California, Berkeley - School Of Information"
598,400744,"University of California, Berkeley","University of California, Berkeley"
599,123440,George Mason University,George Mason University
600,933069,Western University,Western University
601,717748,-,
602,533796,Northwestern University,Northwestern University
603,326159,-,
604,651445,-,
605,867927,University of Virginia,University of Virginia
606,914310,Virginia Tech,Virginia Polytechnic Institute and State University (Virginia Tech)
607,634187,Northwestern University,Northwestern University
608,390026,-,
609,566526,"University of California, San Diego - The Rady School of Management","University of California, San Diego - The Rady School Of Management"
610,743941,London School of Economics and Political Science,"London School of Economics and Political Science, University of London"
611,261436,The University of Chicago Booth School of Business,University of Chicago - Booth School Of Business
612,692198,New York University,New York University
613,776219,Brown University,Brown University
614,419322,-,
615,232728,-,
616,892626,University of Oxford,University of Oxford
617,661740,-,
618,238567,-,
619,256396,-,
620,748884,University of Rochester,University of Rochester
621,992068,University of Michigan,University of Michigan
622,547485,University of Virginia,University of Virginia
623,893649,"University of California, Berkeley","University of California, Berkeley"
624,185169,"University of California, San Diego","University of California, San Diego"
625,225455,Purdue University,Purdue University
626,824441,"University of California, Berkeley","University of California, Berkeley"
627,590454,Duke University,Duke University
628,98485,"University of California, Berkeley","University of California, Berkeley"
629,299041,"University of California, Berkeley","University of California, Berkeley"
630,722119,University of Illinois Urbana-Champaign,University of Illinois at Urbana-Champaign
631,5898,Duke University - The Fuqua School of Business,Duke University - The Fuqua School Of Business
632,187773,University of Michigan - Stephen M. Ross School of Business,University of Michigan - Stephen M Ross School Of Business
633,149656,Massachusetts Institute of Technology (MIT),Massachusetts Institute of Technology
634,291430,University of California,"University of California, Berkeley"
635,449652,University of Copenhagen,Copenhagen University
636,967274,-,
637,168930,Princeton University,Princeton University
638,883441,-,
639,919378,Yale Law School,Yale University - Law School
640,653037,Columbia University,Columbia University
641,681098,-,
642,73899,Northwestern University,Northwestern University
643,372957,Princeton University,Princeton University
644,69664,University of California San Diego,"University of California, San Diego"
645,656351,-,
646,288607,The London School of Economics and Political Science (LSE),"London School of Economics and Political Science, University of London"
647,462835,-,
648,665748,The University of British Columbia,University of British Columbia
649,399929,-,
650,66878,Columbia Engineering,Columbia University - Engineering School
651,596109,University of Michigan,University of Michigan
652,392273,University of Virginia,University of Virginia
653,972894,University of California-Berkeley,"University of California, Berkeley"
654,768252,Washington University in St. Louis,Washington University in St. Louis
655,74066,-,
656,614422,-,
657,298980,Yale School of Management,Yale University - School Of Management
658,739118,"University of California, Los Angeles","University of California, Los Angeles"
659,314155,The Wharton School,University of Pennsylvania - The Wharton School
660,954566,-,
661,566887,The Ohio State University,Ohio State University
662,591253,University of Wisconsin-Madison,University of Wisconsin - Madison
663,366449,Boston College,Boston College
664,381481,-,
665,183156,-,
666,250424,Massachusetts Institute of Technology,Massachusetts Institute of Technology
667,130685,-,
668,861208,University of Wisconsin-Madison,University of Wisconsin - Madison
669,880975,University of Minnesota,University of Minnesota
670,928385,University of Zürich,University of Zürich
671,380322,-,
672,247721,-,
673,204316,-,
674,743858,Ludwig-Maximilians-Universität München,Ludwig-Maximilians-Universität München
675,328262,"University of California, Los Angeles","University of California, Los Angeles"
676,664570,University of New Mexico,University of New Mexico
677,916136,University of Michigan,University of Michigan
678,529545,-,
679,522999,-,
680,240239,University of Wisconsin-Madison,University of Wisconsin - Madison
681,190097,Tufts University,Tufts University
682,669887,-,
683,309087,Cornell University,Cornell University
684,234928,Northwestern University,Northwestern University
685,412272,-,
686,367045,Seoul National University,Seoul National University
687,18950,Bocconi University,University of Commerce Luigi Bocconi
688,592597,Harvard Business School,Harvard University - Business School
689,373200,-,
690,849417,University of Illinois Urbana-Champaign,University of Illinois at Urbana-Champaign
691,593945,London School of Economics and Political Science,"London School of Economics and Political Science, University of London"
692,446372,-,
693,954117,UCLA Extension,"University of California, Los Angeles - Extension School"
694,203332,-,
695,898055,-,
696,437289,Texas A&M University,Texas A&M University
697,52135,Northwestern University,Northwestern University
698,59037,"University of California, Los Angeles","University of California, Los Angeles"
699,383252,-,
700,158964,Northwestern University,Northwestern University
701,773306,Harvard University,Harvard University
702,70979,-,
703,760856,Yale University,Yale University
704,900713,New York University - Leonard N. Stern School of Business,New York University - Stern School Of Business
705,9560,-,
706,695145,University of Pennsylvania,University of Pennsylvania
707,359321,University of Minnesota,University of Minnesota
708,993277,The University of Chicago Booth School of Business,University of Chicago - Booth School Of Business
709,923683,Princeton University,Princeton University
710,783255,-,
711,793390,New York University,New York University
712,467438,The London School of Economics and Political Science (LSE),"London School of Economics and Political Science, University of London"
713,296259,University of Illinois Urbana-Champaign,University of Illinois at Urbana-Champaign
714,304898,Harvard University,Harvard University
715,983480,Princeton University,Princeton University
716,66289,-,
717,326672,New York University,New York University
718,4046,University of North Carolina at Chapel Hill,University of North Carolina
719,947906,Georgetown University,Georgetown University
720,988195,University of Virginia,University of Virginia
721,46299,-,
722,643904,University of North Carolina,University of North Carolina
723,818109,Yale University,Yale University
724,639988,-,
725,450110,-,
726,744541,-,
727,407317,Massachusetts Institute of Technology,Massachusetts Institute of Technology
728,244729,Northwestern University,Northwestern University
729,837239,The Johns Hopkins University,Johns Hopkins University
730,294111,"University of California, Berkeley","University of California, Berkeley"
731,854832,-,
732,905183,University of Southern California,University of Southern California
733,575413,UC Berkeley,"University of California, Berkeley"
734,222026,Brown University,Brown University
735,827932,Columbia University in the City of New York,Columbia University
736,641396,The University of Georgia,University of Georgia
737,944639,-,
738,791541,Renmin University of China,Renmin University of China
739,547490,-,
740,722245,"Baruch College, City University of New York",City University of New York - Baruch College
741,151042,UCLA Anderson School of Management,"University of California, Los Angeles - Anderson School Of Management"
742,556211,"Harvard University, John F. Kennedy School of Government",Harvard University - Kennedy School Of Government
743,599995,-,
744,343957,-,
745,789702,Stanford University,Stanford University
746,777142,Princeton University,Princeton University
747,970522,Saint Louis University,Saint Louis University
748,291541,Stockholm School of Economics,Stockholm School of Economics
749,978734,Harvard Business School,Harvard University - Business School
750,348497,University of São Paulo,University of São Paulo
751,297396,Harvard University,Harvard University
752,112248,Massachusetts Institute of Technology,Massachusetts Institute of Technology
753,572489,Concordia University,Concordia University
754,607318,New York University School of Law,New York University - School Of Law
755,943254,University of California San Diego,"University of California, San Diego"
756,87347,Columbia University in the City of New York,Columbia University
757,159148,-,
758,850072,-,
759,168668,University of Pennsylvania,University of Pennsylvania
760,837334,Princeton University,Princeton University
761,650004,The London School of Economics and Political Science (LSE),"London School of Economics and Political Science, University of London"
762,102302,-,
763,177691,"University of California, Berkeley","University of California, Berkeley"
764,508162,-,
765,650533,Cornell University,Cornell University
766,492566,-,
767,669881,University of Notre Dame,University of Notre Dame
768,655002,University of Arizona,University of Arizona
769,888117,University of Maryland,University of Maryland
770,765153,"University of California, Berkeley","University of California, Berkeley"
771,200413,Brown University,Brown University
772,780055,Stanford University,Stanford University
773,838943,-,
774,495644,"St Xaviers College, Bangalore","St Xaviers College, Bangalore"
775,305809,-,
776,863817,The Johns Hopkins University,Johns Hopkins University
777,310390,National University of Singapore,National University of Singapore
778,848929,Boston University,Boston University
779,220047,-,
780,315869,-,
781,922487,University of Illinois Urbana-Champaign,University of Illinois at Urbana-Champaign
782,120019,Columbia University in the City of New York,Columbia University
783,550131,"University of California, San Diego","University of California, San Diego"
784,331409,Harvard University,Harvard University
785,231702,New York University,New York University
786,596898,-,
787,469702,-,
788,448708,Cornell University,Cornell University
789,764205,London School of Economics and Political Science,"London School of Economics and Political Science, University of London"
790,566865,-,
791,901937,-,
792,266772,-,
793,500024,Harvard University,Harvard University
794,124762,University of Tokyo,Science University of Tokyo
795,104088,Northwestern University - Kellogg School of Management,Northwestern University - Kellogg School Of Management
796,289104,-,
797,785702,"The Graduate Center, City University of New York",City University of New York - Graduate Center
798,16742,"University of California, Berkeley","University of California, Berkeley"
799,807657,-,
800,19794,Washington University in St. Louis,Washington University in St. Louis
801,756696,Arizona State University,Arizona State University
802,441348,-,
803,219839,-,
804,333297,Arizona State University - W. P. Carey School of Business,Arizona State University - W P Carey School Of Business
805,445460,-,
806,130489,Duke University,Duke University
807,246722,-,
808,701691,MIT Sloan School of Management,Massachusetts Institute of Technology - Sloan School Of Management
809,701941,Columbia University in the City of New York,Columbia University
810,360077,-,
811,315373,-,
812,471145,Duke University,Duke University
813,841159,Universitat Pompeu Fabra - Barcelona,Universitat Pompeu Fabra
814,438013,California Institute of Technology,California Institute of Technology
815,921597,-,
816,305591,Stanford University,Stanford University
817,456103,Columbia University in the City of New York,Columbia University
818,225913,Harvard University,Harvard University
819,269248,-,
820,517533,-,
821,618829,Duke University,Duke University
822,338737,The London School of Economics and Political Science (LSE),"London School of Economics and Political Science, University of London"
823,437691,University of Minnesota-Twin Cities,University of Minnesota
824,658647,"University of California, Los Angeles","University of California, Los Angeles"
825,118137,University of Cambridge,University of Cambridge
826,134142,Yale University,Yale University
827,323938,Harvard University,Harvard University
828,569379,-,
829,391381,University of Minnesota,University of Minnesota
830,48131,-,
831,838482,Chongqing University,Chongqing University
832,869060,The University of Manchester,University of Manchester
833,171359,University of Michigan,University of Michigan
834,961122,-,
835,287718,Northwestern University,Northwestern University
836,529800,University of Maryland,University of Maryland
837,840723,Arizona State University,Arizona State University
838,654857,European University Institute,European University Institute
839,64560,-,
840,565609,-,
841,381789,-,
842,968825,Penn State University,Pennsylvania State University
843,206746,-,
844,425703,-,
845,765314,University of Michigan,University of Michigan
846,107408,-,
847,135370,-,
848,983745,Northwestern University,Northwestern University
849,208327,-,
850,327438,University of Minnesota-Twin Cities,University of Minnesota
851,117511,Delhi School of Economics,Delhi School of Economics
852,605651,"University of California, Los Angeles","University of California, Los Angeles"
853,365596,Columbia Business School,Columbia University - Business School
854,418609,Simon Fraser University,Simon Fraser University
855,58816,University of Illinois at Urbana-Champaign,University of Illinois at Urbana-Champaign
856,377146,Lehigh University College of Business,Lehigh University College of Business
857,34802,-,
858,217563,-,
859,794950,Duke University,Duke University
860,871184,New York University School of Law,New York University - School Of Law
861,384456,University of Minnesota,University of Minnesota
862,458731,-,
863,859999,-,
864,560978,"University of California, Davis","University of California, Davis"
865,890469,David Geffen School of Medicine at UCLA,"University of California, Los Angeles - David Geffen School Of Medicine"
866,544145,Boston University,Boston University
867,271283,-,
868,491388,-,
869,92066,Stanford University,Stanford University
870,986658,Getulio Vargas Foundation / FGV,Fundação Getulio Vargas
871,477479,University of Wisconsin-Madison,University of Wisconsin - Madison
872,809721,"University of California, San Diego","University of California, San Diego"
873,11119,-,
874,123906,-,
875,928726,University of Minnesota-Twin Cities,University of Minnesota
876,71305,Yale University,Yale University
877,717416,Cornell University Graduate School,Cornell University - Graduate School
878,269208,Washington University in St. Louis,Washington University in St. Louis
879,351363,New York University,New York University
880,600294,-,
881,50993,-,
882,687808,Texas A&M University,Texas A&M University
883,629810,-,
884,597642,Universitat Pompeu Fabra,Universitat Pompeu Fabra
885,834886,Yale University,Yale University
886,819135,University of Wisconsin-Madison,University of Wisconsin - Madison
887,55719,University of Wisconsin-Madison,University of Wisconsin - Madison
888,401987,-,
889,80264,Brown University,Brown University
890,650194,Cambridge University,University of Cambridge
891,871306,-,
892,895565,University of Pennsylvania,University of Pennsylvania
893,629274,"University of California, Los Angeles","University of California, Los Angeles"
894,446750,Yale University,Yale University
895,381053,UCL,University College London
896,86341,-,
897,107901,-,
898,791745,"Indian Institute of Technology, Madras","Indian Institute of Technology, Madras"
899,546741,Toulouse School of Economics,Toulouse School of Economics
900,92698,The University of Texas at Austin,University of Texas
901,917052,The London School of Economics and Political Science (LSE),"London School of Economics and Political Science, University of London"
902,720654,New York University - Leonard N. Stern School of Business,New York University - Stern School Of Business
903,791139,-,
904,452215,-,
905,538897,-,
906,52055,-,
907,28379,MIT Sloan School of Management,Massachusetts Institute of Technology - Sloan School Of Management
908,557555,"University of California, Berkeley","University of California, Berkeley"
909,810873,The University of Chicago Booth School of Business,University of Chicago - Booth School Of Business
910,518317,New York University,New York University
911,266874,-,
912,559802,Texas McCombs School of Business,Texas McCombs School of Business
913,690853,-,
914,918504,University of Minnesota-Twin Cities,University of Minnesota
915,256294,Duke University,Duke University
916,453604,"University of California, Berkeley","University of California, Berkeley"
917,394907,-,
918,509633,-,
919,594477,UNSW,University of New South Wales
920,999460,University of Wisconsin-Madison,University of Wisconsin - Madison
921,425103,University of California,"University of California, Berkeley"
922,946356,-,
923,501577,-,
924,16600,Columbia University in the City of New York,Columbia University
925,135558,-,
926,337871,University of Sussex,University of Sussex
927,619749,New York University,New York University
928,231204,University of Connecticut,University of Connecticut
929,696010,-,
930,800508,University of Minnesota,University of Minnesota
931,461508,University of California,"University of California, Berkeley"
932,976052,Duke University,Duke University
933,707207,-,
934,191583,Arizona State University - W. P. Carey School of Business,Arizona State University - W P Carey School Of Business
935,585947,California Institute of Technology,California Institute of Technology
936,403424,-,
937,603944,The University of Texas at Austin,University of Texas
938,808218,"University of California, Berkeley","University of California, Berkeley"
939,171371,University of Sussex,University of Sussex
940,430668,The Wharton School,University of Pennsylvania - The Wharton School
941,487145,-,
942,149659,-,
943,500368,Stanford University,Stanford University
944,580103,Northwestern University,Northwestern University
945,177910,BI Norwegian Business School,BI Norwegian Business School
946,702023,"University of California, Berkeley","University of California, Berkeley"
947,137260,Cornell University,Cornell University
948,977598,Columbia University in the City of New York,Columbia University
949,559322,The London School of Economics and Political Science (LSE),"London School of Economics and Political Science, University of London"
950,977146,Princeton University,Princeton University
951,381937,University of Michigan,University of Michigan
952,501526,University of Michigan,University of Michigan
953,841271,New York University,New York University
954,913023,University of Warwick - Warwick Business School,University of Warwick - Warwick Business School
955,711706,University of Minnesota,University of Minnesota
956,974064,-,
957,975316,University of Hong Kong,University of Hong Kong
958,168516,-,
959,156204,Georgetown University,Georgetown University
960,263898,New York University,New York University
961,436075,Texas A&M University,Texas A&M University
962,352375,The University of Chicago Booth School of Business,University of Chicago - Booth School Of Business
963,129069,Stanford University,Stanford University
964,518032,Brown University,Brown University
965,617737,-,
966,433188,-,
967,255356,Stanford University Graduate School of Business,Stanford University - Graduate School Of Business
968,337561,University of Houston,University of Houston
969,989269,London School of Economics and Political Science,"London School of Economics and Political Science, University of London"
970,666778,Cornell University,Cornell University
971,533174,Stanford University,Stanford University
972,464761,Princeton University,Princeton University
973,522003,-,
974,724579,University of Toronto,University of Toronto
975,850801,University of Maryland,University of Maryland
976,147951,International University - VNU HCMC,International University - VNU-HCM
977,915850,Columbia University,Columbia University
978,827129,The University of Chicago,University of Chicago
979,78942,Yale University,Yale University
980,701374,-,
981,137355,-,
982,19176,UCLA,"University of California, Los Angeles"
983,505454,Harvard University,Harvard University
984,21770,University of Pennsylvania - The Wharton School,University of Pennsylvania - The Wharton School
985,831813,The Johns Hopkins University School of Medicine,Johns Hopkins University - School Of Medicine
986,641031,Rice University,Rice University
987,10653,University of Wisconsin-Madison,University of Wisconsin - Madison
988,634087,DePaul University,DePaul University
989,13054,-,
990,17650,The London School of Economics and Political Science (LSE),"London School of Economics and Political Science, University of London"
991,393788,-,
992,915297,-,
993,898412,Yale University,Yale University
994,408779,Michigan State University,Michigan State University
995,712262,-,
996,556832,-,
997,752068,-,
998,650761,Stanford University,Stanford University
999,944235,Duke University,Duke University
1000,411876,-,
1001,580703,-,
1002,58706,University of Pennsylvania,University of Pennsylvania
1003,188991,Peking University,Peking University
1004,14411,-,
1005,881010,-,
1006,715061,Stanford University Graduate School of Business,Stanford University - Graduate School Of Business
1007,931826,-,
1008,547523,University of Essex,University of Essex
1009,218802,New York University,New York University
1010,25695,Lingnan University,Lingnan University
1011,733663,-,
1012,491181,-,
1013,201223,University of Pittsburgh - Joseph M. Katz Graduate School of Business,University of Pittsburgh - Joseph M Katz Graduate School Of Business
1014,631449,University of Pittsburgh,University of Pittsburgh
1015,699440,Columbia University,Columbia University
1016,909492,-,
1017,214695,University of Pennsylvania,University of Pennsylvania
1018,575876,The Wharton School,University of Pennsylvania - The Wharton School
1019,505854,"University of California, San Diego","University of California, San Diego"
1020,72559,University of Michigan,University of Michigan
1021,117368,The Wharton School,University of Pennsylvania - The Wharton School
1022,748184,-,
1023,154345,New York University,New York University
1024,395144,The Ohio State University,Ohio State University
1025,438703,-,
1026,450343,-,
1027,930199,Massachusetts Institute of Technology,Massachusetts Institute of Technology
1028,842900,-,
1029,943750,University of Michigan,University of Michigan
1030,648168,-,
1031,47748,"University of California, Los Angeles","University of California, Los Angeles"
1032,151969,New York University,New York University
1033,418061,London School of Economics and Political Science,"London School of Economics and Political Science, University of London"
1034,535240,Duke University,Duke University
1035,852781,Texas A&M University,Texas A&M University
1036,133976,Carnegie Mellon University - Tepper School of Business,Carnegie Mellon University - Tepper School Of Business
1037,892268,University of Washington,University of Washington
1038,539710,University of Pennsylvania,University of Pennsylvania
1039,85007,"University of California, Los Angeles","University of California, Los Angeles"
1040,961119,Yale Law School,Yale University - Law School
1041,339353,The Wharton School,University of Pennsylvania - The Wharton School
1042,942284,-,
1043,957358,"University of California, San Diego","University of California, San Diego"
1044,588691,-,
1045,664868,Michigan State University,Michigan State University
1046,396345,Boston College,Boston College
1047,677017,University of Pennsylvania,University of Pennsylvania
1048,350279,University of Washington,University of Washington
1049,350249,"University of California, Berkeley","University of California, Berkeley"
1050,504918,-,
1051,591550,-,
1052,890938,University of Warwick,University of Warwick
1053,664474,Cornell University,Cornell University
1054,481907,"Stanford University, Graduate School of Business",Stanford University - Graduate School Of Business
1055,867896,-,
1056,113027,"Trinity College, Dublin","University of Dublin, Trinity College"
1057,562232,-,
1058,997646,Princeton University,Princeton University
1059,322418,London Business School,London Business School
1060,109838,The George Washington University,George Washington University
1061,666523,Cornell University,Cornell University
1062,393994,University of Minnesota-Twin Cities,University of Minnesota
1063,219311,-,
1064,236981,Washington University in St. Louis,Washington University in St. Louis
1065,734185,The London School of Economics and Political Science,"London School of Economics and Political Science, University of London"
1066,768396,-,
1067,273414,NYU Stern School of Business,New York University - Stern School Of Business
1068,759016,University of Minnesota,University of Minnesota
1069,971365,-,
1070,779511,-,
1071,464903,Princeton University,Princeton University
1072,168077,-,
1073,594675,-,
1074,177447,The University of Chicago Booth School of Business,University of Chicago - Booth School Of Business
1075,97979,Massachusetts Institute of Technology,Massachusetts Institute of Technology
1076,396518,University of Minnesota,University of Minnesota
1077,610551,University of Wisconsin-Madison,University of Wisconsin - Madison
1078,223929,Boston University,Boston University
1079,413275,-,
1080,267917,-,
1081,759912,-,
1082,660471,Stanford University,Stanford University
1083,639962,George Mason University,George Mason University
1084,399090,"Indian Institute of Management, Calcutta","Indian Institute of Management, Calcutta"
1085,371947,University of Kent,University of Kent
1086,24738,-,
1087,715404,University in St. Louis,Washington University in St. Louis
1088,699100,-,
1089,330518,-,
1090,278632,New York University,New York University
1091,911780,Yale University,Yale University
1092,285812,University of AmsterdamUniversity of Amsterdam,University of Amsterdam
1093,229189,Northwestern University - Kellogg School of Management,Northwestern University - Kellogg School Of Management
1094,350471,-,
1095,105755,-,
1096,783117,Yale University,Yale University
1097,201691,Northwestern University,Northwestern University
1098,384319,-,
1099,109318,-,
1100,244530,-,
1101,171587,University of Maryland,University of Maryland
1102,994145,Brandeis University,Brandeis University
1103,604528,Case Western Reserve University School of Medicine,Case Western Reserve University - School Of Medicine
1104,865256,Seoul National University,Seoul National University
1105,438481,-,
1106,518133,The Johns Hopkins University,Johns Hopkins University
1107,514710,-,
1108,144924,"University of California, Berkeley, Haas School of Business","University of California, Berkeley - Haas School Of Business"
1109,975626,Tsinghua University,Tsinghua University
1110,208606,University of Maryland,University of Maryland
1111,945351,Massachusetts Institute of Technology,Massachusetts Institute of Technology
1112,675959,Columbia University,Columbia University
1113,672530,Columbia University in the City of New York,Columbia University
1114,577387,"University of California, Berkeley","University of California, Berkeley"
1115,255076,-,
1116,148066,Princeton University,Princeton University
1117,314046,Duke University,Duke University
1118,488821,Korea Advanced Institute of Science and Technology,Korea Advanced Institute of Science & Technology
1119,153869,University of Calgary,University of Calgary
1120,524341,-,
1121,898959,-,
1122,819906,Harvard University,Harvard University
1123,695165,SVKM's Narsee Monjee Institute of Management Studies (NMIMS),Narsee Monjee Institute of Management Studies
1124,520175,University of Pennsylvania,University of Pennsylvania
1125,347251,Columbia University in the City of New York,Columbia University
1126,587591,Yale University - Yale School of Management,Yale University - School Of Management
1127,621794,Harvard University,Harvard University
1128,122644,-,
1129,119685,-,
1130,636522,Georgia State University - Andrew Young School of Policy Studies,Georgia State University - Andrew Young School Of Policy Studies
1131,735225,Stanford University,Stanford University
1132,120337,Columbia University,Columbia University
1133,632664,Duke University,Duke University
1134,586527,"University of California, Berkeley","University of California, Berkeley"
1135,685788,"University of California, Berkeley","University of California, Berkeley"
1136,622666,-,
1137,15185,Università Commerciale 'Luigi Bocconi'​,Università Bocconi
1138,514659,New York University,New York University
1139,27662,The London School of Economics and Political Science (LSE),"London School of Economics and Political Science, University of London"
1140,589609,-,
1141,464848,New York University,New York University
1142,166408,The London School of Economics and Political Science (LSE),"London School of Economics and Political Science, University of London"
1143,996282,Stanford University,Stanford University
1144,214051,University of Southern California - Marshall School of Business,University of Southern California - Marshall School Of Business
1145,350231,-,
1146,614451,"University of California, San Diego","University of California, San Diego"
1147,225021,Stanford University,Stanford University
1148,4966,Arizona State University,Arizona State University
1149,275997,University of Wisconsin-Madison,University of Wisconsin - Madison
1150,575723,-,
1151,724708,UC Berkeley School of Information,"University of California, Berkeley - School Of Information"
1152,333688,University of Wisconsin-La Crosse,University of Wisconsin - La Crosse
1153,594054,Harvard University,Harvard University
1154,124407,Harvard University,Harvard University
1155,417445,Georgetown University,Georgetown University
1156,271397,"University of California, San Diego","University of California, San Diego"
1157,505670,University of North Carolina at Chapel Hill,University of North Carolina
1158,997134,The London School of Economics and Political Science,"London School of Economics and Political Science, University of London"
1159,952511,University of Minnesota Twin Cities,University of Minnesota
1160,881044,-,
1161,168506,-,
1162,382992,Università Commerciale 'Luigi Bocconi',Università Bocconi
1163,878007,-,
1164,612990,University of Wisconsin-Madison,University of Wisconsin - Madison
1165,740363,-,
1166,322858,University of Pennsylvania,University of Pennsylvania
1167,677538,"University of California, Berkeley","University of California, Berkeley"
1168,482116,London School of Economics and Political Science,"London School of Economics and Political Science, University of London"
1169,111257,Brown University,Brown University
1170,822966,University of Michigan,University of Michigan
1171,388217,New York University,New York University
1172,717881,-,
1173,727171,University of Southern California - Marshall School of Business,University of Southern California - Marshall School Of Business
1174,331771,University of Michigan Medical/Graduate School,University of Michigan - Medical School
1175,374813,University of Wisconsin-Madison,University of Wisconsin - Madison
1176,287896,Northwestern University,Northwestern University
1177,913609,The London School of Economics and Political Science (LSE),"London School of Economics and Political Science, University of London"
1178,160933,University of Wyoming College of Business,University of Wyoming - College Of Business
1179,38878,-,
1180,737961,-,
1181,786383,-,
1182,344117,"University of California, Los Angeles","University of California, Los Angeles"
1183,821009,The University of Texas at Austin,University of Texas
1184,261438,Cornell University,Cornell University
1185,226192,NYU Stern School of Business,New York University - Stern School Of Business
1186,701082,Carnegie Mellon University - Tepper School of Business,Carnegie Mellon University - Tepper School Of Business
1187,314491,-,
1188,547467,Boston University,Boston University
1189,393750,University of Pennsylvania,University of Pennsylvania
1190,780663,-,
1191,426441,Harvard University,Harvard University
1192,372315,University of Michigan,University of Michigan
1193,211220,-,
1194,845942,"University of California, Berkeley, Haas School of Business","University of California, Berkeley - Haas School Of Business"
1195,317988,-,
1196,710405,Washington University in St. Louis,Washington University in St. Louis
1197,772351,University of Minnesota,University of Minnesota
1198,441071,-,
1199,379428,-,
1200,517440,Princeton University,Princeton University
1201,290129,New York University,New York University
1202,966537,Stanford University,Stanford University
1203,38716,Stanford University,Stanford University
1204,233625,Michigan State University,Michigan State University
1205,649380,University of Michigan,University of Michigan
1206,54340,-,
1207,47420,"University of Nevada, Reno",University of Nevada - Reno
1208,354045,Queen's University,Queen's University
1209,692192,Technical University Berlin,Technical University Berlin
1210,12488,Princeton University,Princeton University
1211,78991,-,
1212,949726,-,
1213,331866,Massachusetts Institute of Technology,Massachusetts Institute of Technology
1214,832554,Tsinghua University,Tsinghua University
1215,841834,-,
1216,785276,-,
1217,148564,New York University,New York University
1218,683592,-,
1219,321199,"University of California, Berkeley","University of California, Berkeley"
1220,789860,Northern Illinois University,Northern Illinois University
1221,393671,-,
1222,966922,The University of British Columbia,University of British Columbia
1223,780470,Stanford University,Stanford University
1224,662435,Texas A&M University,Texas A&M University
1225,654653,University of Illinois at Urbana-Champaign,University of Illinois at Urbana-Champaign
1226,789497,Seoul National University,Seoul National University
1227,358967,Columbia University in the City of New York,Columbia University
1228,125659,"University of California, Berkeley","University of California, Berkeley"
1229,262228,University of Pennsylvania - The Wharton School,University of Pennsylvania - The Wharton School
1230,618306,-,
1231,296720,The Hong Kong University of Science and Technology,Hong Kong University of Science and Technology
1232,510314,-,
1233,279816,University of California San Diego,"University of California, San Diego"
1234,520357,-,
1235,521148,-,
1236,270753,University of Wisconsin-Madison,University of Wisconsin - Madison
1237,212011,-,
1238,766263,Columbia University - Columbia Business School,Columbia University - Business School
1239,828254,-,
1240,901985,-,
1241,836999,-,
1242,539095,-,
1243,82385,University of Oxford,University of Oxford
1244,895052,George Mason University,George Mason University
1245,64473,-,
1246,693448,-,
1247,77446,University of Pennsylvania,University of Pennsylvania
1248,592907,-,
1249,21714,Vanderbilt University,Vanderbilt University
1250,292675,-,
1251,709317,-,
1252,622863,University of Virginia,University of Virginia
1253,776313,-,
1254,951207,Stanford University,Stanford University
1255,146378,-,
1256,638877,-,
1257,882543,-,
1258,135949,DePaul University,DePaul University
1259,663582,MIT,Massachusetts Institute of Technology
1260,159749,Yale University,Yale University
1261,350715,University of Maryland,University of Maryland
1262,794676,University of Oxford (Lincoln College),University of Oxford - Lincoln College
1263,70129,-,
1264,383113,Paris School of Economics,Paris School of Economics
1265,908799,Northwestern University,Northwestern University
1266,654457,Duke University,Duke University
1267,695310,Princeton University,Princeton University
1268,722201,Queen Mary University of London,Queen Mary University of London
1269,641834,UNC Kenan-Flagler Business School,University of North Carolina - Kenanflagler Business School
1270,539798,Columbia University in the City of New York,Columbia University
1271,244238,New York University,New York University
1272,157775,Northwestern University,Northwestern University
1273,7670,Seoul National University,Seoul National University
1274,187793,University of Wisconsin-Madison,University of Wisconsin - Madison
1275,543777,Columbia Engineering,Columbia University - Engineering School
1276,380491,The Wharton School,University of Pennsylvania - The Wharton School
1277,146364,-,
1278,239477,Northwestern University,Northwestern University
1279,293398,-,
1280,65303,University of Southern California,University of Southern California
1281,675218,-,
1282,285282,University of Pennsylvania,University of Pennsylvania
1283,257039,-,
1284,758347,Massachusetts Institute of Technology,Massachusetts Institute of Technology
1285,968411,-,
1286,325556,IPADE Business School,IPADE Business School
1287,444638,Massachusetts Institute of Technology,Massachusetts Institute of Technology
1288,60415,University of Michigan,University of Michigan
1289,181230,-,
1290,678531,-,
1291,368734,UC Irvine,"University of California, Irvine"
1292,214290,Northwestern University - Kellogg School of Management,Northwestern University - Kellogg School Of Management
1293,742439,University of Milan-Bicocca,University of Milan - Bicocca
1294,533967,-,
1295,49315,Duke University,Duke University
1296,410087,-,
1297,528827,-,
1298,504996,-,
1299,196702,New York University,New York University
1300,196573,Sciences Po,Institut d'Etudes Politiques de Paris (Sciences Po)
1301,612329,Harvard University,Harvard University
1302,60639,-,
1303,938603,"Harvard University, John F. Kennedy School of Government",Harvard University - Kennedy School Of Government
1304,632365,-,
1305,622820,"University of California, Davis","University of California, Davis"
1306,659865,Stanford University Graduate School of Business,Stanford University - Graduate School Of Business
1307,772509,-,
1308,639740,Brown University,Brown University
1309,848549,-,
1310,420451,Northwestern University,Northwestern University
1311,966702,"University of California, Berkeley","University of California, Berkeley"
1312,192373,-,
1313,531178,Northwestern University,Northwestern University
1314,35487,Texas A&M University,Texas A&M University
1315,747568,-,
1316,146238,The University of Kansas,University of Kansas
1317,607540,Southern Methodist University - Cox School of Business,Southern Methodist University - Cox School Of Business
1318,708593,University of California,"University of California, Berkeley"
1319,74640,-,
1320,909135,-,
1321,835323,University of Pennsylvania,University of Pennsylvania
1322,552114,Instituto Tecnológico Autónomo de México,Instituto Tecnológico Autonómo de México
1323,281119,University of Michigan,University of Michigan
1324,169031,Georgetown University,Georgetown University
1325,563513,University of Michigan,University of Michigan
1326,842092,-,
1327,403728,-,
1328,403138,Harvard University,Harvard University
1329,810654,-,
1330,174902,Duke University,Duke University
1331,978654,University of Oxford,University of Oxford
1332,842525,University of Maryland College Park,University of Maryland
1333,739763,Cornell University,Cornell University
1334,598080,-,
1335,585017,"University of California, Los Angeles","University of California, Los Angeles"
1336,159623,Rockhurst University,Rockhurst University
1337,971317,University of Illinois Urbana-Champaign,University of Illinois at Urbana-Champaign
1338,901260,Stanford University,Stanford University
1339,313089,George Mason University,George Mason University
1340,423468,The London School of Economics and Political Science (LSE),"London School of Economics and Political Science, University of London"
1341,410150,"University of California, Santa Cruz","University of California, Santa Cruz"
1342,147622,-,
1343,745800,New York University,New York University
1344,401365,"University of California, Santa Barbara","University of California, Santa Barbara"
1345,911040,Boston College Law School,Boston College - Law School
1346,454968,-,
1347,906283,-,
1348,400084,University of Michigan - Stephen M. Ross School of Business,University of Michigan - Stephen M Ross School Of Business
1349,567314,-,
1350,955159,Massachusetts Institute of Technology,Massachusetts Institute of Technology
1351,161207,-,
1352,578005,University of Minnesota,University of Minnesota
1353,992368,Caltech,California Institute of Technology
1354,260065,-,
1355,970629,Rutgers University–New Brunswick,Rutgers University
1356,906236,Pierre and Marie Curie University,Université Pierre et Marie Curie (Paris VI)
1357,763341,Pennsylvania State University,Pennsylvania State University
1358,316048,"University of California, Los Angeles","University of California, Los Angeles"
1359,286781,Massachusetts Institute of Technology,Massachusetts Institute of Technology
1360,419122,The Johns Hopkins University,Johns Hopkins University
1361,922477,-,
1362,79787,The Chinese University of Hong Kong,Chinese University of Hong Kong
1363,735094,Princeton University,Princeton University
1364,634246,UC San Diego,"University of California, San Diego"
1365,732152,-,
1366,522133,Yonsei University,Yonsei University
1367,676474,-,
1368,877451,University of Massachusetts Amherst,University of Massachusetts at Amherst
1369,219650,Fielding Graduate University,Fielding Graduate University
1370,365476,Princeton University,Princeton University
1371,623184,MIT Sloan School of Management,Massachusetts Institute of Technology - Sloan School Of Management
1372,261662,-,
1373,222445,University of Wisconsin-Madison,University of Wisconsin - Madison
1374,365203,"University of California, Santa Barbara","University of California, Santa Barbara"
1375,462053,-,
1376,212983,The Johns Hopkins University - Carey Business School,Johns Hopkins University - Carey Business School
1377,844808,Columbia University in the City of New York,Columbia University
1378,487399,University of Oregon,University of Oregon
1379,682906,New York University,New York University
1380,876241,Columbia University - Columbia Business School,Columbia University - Business School
1381,43209,Harvard Kennedy School,Harvard University - Kennedy School
1382,115964,-,
1383,222770,Indiana University Bloomington,Indiana University at Bloomington
1384,369284,London School of Economics and Political Science,"London School of Economics and Political Science, University of London"
1385,10051,Columbia University in the City of New York,Columbia University
1386,303028,-,
1387,566374,-,
1388,834821,Stanford University,Stanford University
1389,874161,UCL,University College London
1390,216020,-,
1391,927687,-,
1392,815370,"University of California, Berkeley","University of California, Berkeley"
1393,621256,Columbia University,Columbia University
1394,172664,-,
1395,28389,-,
1396,623272,University of Illinois at Urbana-Champaign,University of Illinois at Urbana-Champaign
1397,421842,University of Washington,University of Washington
1398,896261,Duke University - The Fuqua School of Business,Duke University - The Fuqua School Of Business
1399,321583,London Business School,London Business School
1400,845870,New York University,New York University
1401,597763,UNIVERSITY OF CALIFORNIA – BERKELEY,"University of California, Berkeley"
1402,693102,-,
1403,305236,University of Delaware,University of Delaware
1404,975766,Cornell University,Cornell University
1405,795011,Princeton University,Princeton University
1406,140243,Imperial College London,Imperial College London
1407,899980,Columbia University - Columbia Business School,Columbia University - Business School
1408,308578,-,
1409,423750,-,
1410,663401,-,
1411,184991,Stanford University,Stanford University
1412,3635,-,
1413,200992,Harvard University,Harvard University
1414,180294,The London School of Economics and Political Science (LSE),"London School of Economics and Political Science, University of London"
1415,188956,Harvard University,Harvard University
1416,304957,-,
1417,766383,Massachusetts Institute of Technology,Massachusetts Institute of Technology
1418,990101,University of Zurich,University of Zürich
1419,492708,University of Toronto,University of Toronto
1420,116738,-,
1421,380823,Columbia University in the City of New York,Columbia University
1422,380236,"University of California, Los Angeles","University of California, Los Angeles"
1423,96245,Princeton University,Princeton University
1424,347140,Stanford University,Stanford University
1425,276283,"University of California, San Diego","University of California, San Diego"
1426,231938,-,
1427,891766,University of Wisconsin-Madison,University of Wisconsin - Madison
1428,934453,-,
1429,848408,-,
1430,397344,University of Michigan,University of Michigan
1431,63552,Cornell University,Cornell University
1432,124442,"University of California, Davis","University of California, Davis"
1433,775069,"CFA Institute, The Global Association of Investment Professionals","CFA Institute, The Global Association of Investment Professionals"
1434,724787,Duke University,Duke University
1435,268259,Princeton University,Princeton University
1436,980371,-,
1437,458387,-,
1438,605643,University of Pennsylvania,University of Pennsylvania
1439,49909,Stanford University,Stanford University
1440,241268,-,
1441,78042,University of Illinois at Urbana-Champaign,University of Illinois at Urbana-Champaign
1442,381254,Northwestern University,Northwestern University
1443,680529,Maastricht University School of Business and Economics,University of Maastricht - School Of Business And Economics
1444,433875,-,
1445,170732,London School of Economics and Political Science,"London School of Economics and Political Science, University of London"
1446,310907,-,
1447,77816,-,
1448,921709,Columbia Business School,Columbia University - Business School
1449,636311,-,
1450,626650,-,
1451,462548,-,
1452,39275,Paris 1 Panthéon-Sorbonne University,Université Panthéon-Sorbonne (Paris I)
1453,618990,-,
1454,595682,-,
1455,270581,Northwestern University,Northwestern University
1456,295604,The Ohio State University,Ohio State University
1457,574004,Harvard University,Harvard University
1458,593977,-,
1459,410315,UC Irvine,"University of California, Irvine"
1460,342313,-,
1461,904470,"University of California, Berkeley","University of California, Berkeley"
1462,130526,-,
1463,609850,Cornell University,Cornell University
1464,354305,Johannes Gutenberg University Mainz,Johannes-Gutenberg Universität Mainz
1465,311060,Rutgers University,Rutgers University
1466,787163,Massachusetts Institute of Technology,Massachusetts Institute of Technology
1467,515076,-,
1468,114820,-,
1469,601157,-,
1470,543865,-,
1471,546867,Harvard University,Harvard University
1472,931562,University of Minnesota,University of Minnesota
1473,670205,Santa Barbara City College,Santa Barbara City College
1474,610123,-,
1475,314132,-,
1476,843002,Columbia University in the City of New York,Columbia University
1477,240539,-,
1478,424370,The George Washington University,George Washington University
1479,660895,The University of Chicago,University of Chicago
1480,320461,Princeton University,Princeton University
1481,986726,-,
1482,863209,Massachusetts Institute of Technology,Massachusetts Institute of Technology
1483,496751,Georgetown University,Georgetown University
1484,513743,Université Paris-Saclay,Université Paris-Saclay
1485,556121,"University of California, Irvine","University of California, Irvine"
1486,797160,-,
1487,344317,-,
1488,175933,Vanderbilt University,Vanderbilt University
1489,620225,University of Michigan,University of Michigan
1490,873808,Stanford University,Stanford University
1491,441466,Seoul National University,Seoul National University
1492,266273,-,
1493,435797,"University of California, Berkeley","University of California, Berkeley"
1494,352962,University of Cincinnati College of Business,University of Cincinnati - College Of Business
1495,596171,UCL,University College London
1496,70627,Fundação Getulio Vargas,Fundação Getulio Vargas
1497,930534,Northwestern University,Northwestern University
1498,787199,-,
1499,290912,"University of California, Berkeley","University of California, Berkeley"
1500,836400,Stanford University,Stanford University
1501,303857,University of Michigan,University of Michigan
1502,966750,University of California - Los Angeles,"University of California, Los Angeles"
1503,16862,Columbia University in the City of New York,Columbia University
1504,718970,Harvard University,Harvard University
1505,985052,The George Washington University,George Washington University
1506,327970,The University of Texas at Austin,University of Texas
1507,467041,Indiana University Bloomington,Indiana University at Bloomington
1508,295868,-,
1509,287380,Tilburg University,Tilburg University
1510,475690,Harvard University,Harvard University
1511,501477,"University of California, Berkeley","University of California, Berkeley"
1512,971786,Aalto University,Aalto University
1513,503251,Toulouse School of Economics,Toulouse School of Economics
1514,398198,New York University,New York University
1515,377112,Rice University,Rice University
1516,386595,-,
1517,83529,"University of California, Berkeley","University of California, Berkeley"
1518,671179,University of Geneva,University of Geneva
1519,360508,Princeton University,Princeton University
1520,317744,Columbia University - Columbia Business School,Columbia University - Business School
1521,788371,Universitat Pompeu Fabra,Universitat Pompeu Fabra
1522,893623,-,
1523,754696,Massachusetts Institute of Technology,Massachusetts Institute of Technology
1524,560687,The London School of Economics and Political Science (LSE),"London School of Economics and Political Science, University of London"
1525,572245,University of Southern California,University of Southern California
1526,428346,New York University,New York University
1527,38225,Penn State University,Pennsylvania State University
1528,425070,Duke University,Duke University
1529,514506,-,
1530,987657,-,
1531,878283,Columbia University in the City of New York,Columbia University
1532,285183,University of Minnesota,University of Minnesota
1533,313073,The Pennsylvania State University,Pennsylvania State University
1534,179864,-,
1535,432085,Instituto Tecnológico Autónomo de México,Instituto Tecnológico Autonómo de México
1536,549467,UCL,University College London
1537,971199,-,
1538,444832,-,
1539,345186,Vanderbilt University,Vanderbilt University
1540,313454,Supply Chain Management,Supply Chain Management
1541,336932,-,
1542,226141,Arizona State University,Arizona State University
1543,522227,NYU Stern School of Business,New York University - Stern School Of Business
1544,421124,University of Maryland College Park,University of Maryland
1545,685259,University of Pennsylvania - The Wharton School,University of Pennsylvania - The Wharton School
1546,73140,University of Minnesota,University of Minnesota
1547,621053,-,
1548,814607,-,
1549,397841,Harvard University,Harvard University
1550,969447,Columbia University in the City of New York,Columbia University
1551,826463,The University of Texas at Austin,University of Texas
1552,365017,-,
1553,688520,University of Minnesota-Twin Cities,University of Minnesota
1554,586126,NYU Stern School of Business,New York University - Stern School Of Business
1555,363002,University of California Los Angeles (Anderson School),"University of California, Los Angeles - Anderson School Of Management"
1556,63298,-,
1557,906389,University of Pennsylvania,University of Pennsylvania
1558,515669,Texas Tech University,Texas Tech University
1559,983285,-,
1560,954271,University of Wisconsin-Madison,University of Wisconsin - Madison
1561,309727,"University of California, Berkeley","University of California, Berkeley"
1562,880586,London School of Economics and Political Science,"London School of Economics and Political Science, University of London"
1563,474,Stanford University,Stanford University
1564,798937,"University of California, Berkeley","University of California, Berkeley"
1565,405506,-,
1566,471130,-,
1567,523976,Columbia University in the City of New York,Columbia University
1568,930691,-,
1569,578854,University of Maryland,University of Maryland
1570,178131,Northwestern University,Northwestern University
1571,342210,Harvard University,Harvard University
1572,750767,Yale University,Yale University
1573,645898,-,
1574,680139,Yale University,Yale University
1575,479060,University of Pennsylvania - The Wharton School,University of Pennsylvania - The Wharton School
1576,10168,Stanford University,Stanford University
1577,942688,New York University Stern School  of Business,New York University - Stern School Of Business
1578,943991,The London School of Economics and Political Science (LSE),"London School of Economics and Political Science, University of London"
1579,673939,NYU Stern School of Business,New York University - Stern School Of Business
1580,224855,-,
1581,143356,The Ohio State University,Ohio State University
1582,161659,Renmin University of China,Renmin University of China
1583,373584,-,
1584,19901,-,
1585,995232,University of Washington,University of Washington
1586,157727,-,
1587,666645,-,
1588,323908,Boston University,Boston University
1589,687870,-,
1590,728833,-,
1591,523208,New York University,New York University
1592,731113,-,
1593,758102,Florida State University,Florida State University
1594,878083,Columbia University in the City of New York,Columbia University
1595,807763,University of Cambridge,University of Cambridge
1596,836504,Massachusetts Institute of Technology,Massachusetts Institute of Technology
1597,53392,Columbia University,Columbia University
1598,278594,-,
1599,688724,Stanford University,Stanford University
1600,56003,Harvard University,Harvard University
1601,899938,-,
1602,622540,University of Virginia,University of Virginia
1603,412842,Georgetown University,Georgetown University
1604,648915,-,
1605,332568,University of North Carolina at Chapel Hill,University of North Carolina
1606,137517,Universitat Pompeu Fabra,Universitat Pompeu Fabra
1607,893220,University of Pennsylvania,University of Pennsylvania
1608,887011,University of Toronto,University of Toronto
1609,786641,-,
1610,963780,NYU Stern School of Business,New York University - Stern School Of Business
1611,601808,-,
1612,668476,University of Utah - David Eccles School of Business,University of Utah - David Eccles School Of Business
1613,481044,-,
1614,621222,Harvard University,Harvard University
1615,578343,Boston University,Boston University
1616,397594,Harvard University,Harvard University
1617,164134,University of Notre Dame,University of Notre Dame
1618,182374,West Virginia University,West Virginia University
1619,714206,University of Michigan School of Public Health,University of Michigan - School Of Public Health
1620,286423,-,
1621,722083,Boston University,Boston University
1622,828260,Carnegie Mellon University,Carnegie Mellon University
1623,482942,Washington University in St. Louis,Washington University in St. Louis
1624,760414,-,
1625,257435,-,
1626,447527,European University Institute,European University Institute
1627,953266,University of Southern California - Marshall School of Business,University of Southern California - Marshall School Of Business
1628,144436,"University of California, Berkeley","University of California, Berkeley"
1629,382662,"University of California, Berkeley - School of Law","University of California, Berkeley - School Of Law"
1630,975494,Syracuse University,Syracuse University
1631,365059,-,
1632,63673,University of California,"University of California, Berkeley"
1633,576973,London School of Economics,"London School of Economics and Political Science, University of London"
1634,367011,University of Pennsylvania,University of Pennsylvania
1635,774553,-,
1636,479056,-,
1637,847258,"University of California, Los Angeles","University of California, Los Angeles"
1638,823416,Indira Gandhi National Open University,Indira Gandhi National Open University
1639,892752,University of Southern California,University of Southern California
1640,625451,The Ohio State University,Ohio State University
1641,245925,"University of California, San Diego","University of California, San Diego"
1642,678211,-,
1643,569716,The Wharton School,University of Pennsylvania - The Wharton School
1644,777127,-,
1645,639550,Duke University,Duke University
1646,133616,Columbia University,Columbia University
1647,162932,Massachusetts Institute of Technology,Massachusetts Institute of Technology
1648,653441,London School of Economics,"London School of Economics and Political Science, University of London"
1649,32848,Stanford University,Stanford University
1650,525009,-,
1651,320559,University of Chicago,University of Chicago
1652,24456,-,
1653,994245,"University of California, Berkeley","University of California, Berkeley"
1654,499308,-,
1655,392500,Northwestern University,Northwestern University
1656,826977,Columbia University in the City of New York,Columbia University
1657,469597,-,
1658,314257,Duke University,Duke University
1659,819542,Princeton University,Princeton University
1660,504821,-,
1661,170945,University of Virginia,University of Virginia
1662,357384,UT Health San Antonio,University of Texas at San Antonio - School Of Health
1663,774279,Rice University,Rice University
1664,996031,Université Lumière Lyon 2,Université Lumière Lyon 2
1665,406740,Princeton University,Princeton University
1666,823207,-,
1667,415798,Indiana University,Indian University
1668,280927,Columbia University,Columbia University
1669,643314,University of Michigan,University of Michigan
1670,882114,University of York,University of York
1671,502511,Washington University in St. Louis,Washington University in St. Louis
1672,320304,-,
1673,647692,Monash University,Monash University
1674,25025,Harvard University,Harvard University
1675,370420,Yale University,Yale University
1676,359467,-,
1677,246744,-,
1678,533626,University of Cambridge,University of Cambridge
1679,712319,-,
1680,181183,Stanford University,Stanford University
1681,449286,University of Chicago Law School,University of Chicago - Law School
1682,208227,University of Rochester,University of Rochester
1683,740521,University of Oxford,University of Oxford
1684,632500,London School of Economics,"London School of Economics and Political Science, University of London"
1685,623344,London Business School,London Business School
1686,798000,Cornell University,Cornell University
1687,996025,-,
1688,788321,Saint Louis University,Saint Louis University
1689,239128,-,
1690,135606,"University of California, Berkeley","University of California, Berkeley"
1691,602549,Harvard University,Harvard University
1692,862205,The Hong Kong University of Science and Technology,Hong Kong University of Science and Technology
1693,476451,The University of Toledo,University of Toledo
1694,859773,The University of Iowa Tippie College of Business,University of Iowa - Tippie College Of Business
1695,462872,-,
1696,577279,The Ohio State University,Ohio State University
1697,509177,University of Wisconsin-Madison,University of Wisconsin - Madison
1698,176690,-,
1699,115363,UC Santa Barbara,"University of California, Santa Barbara"
1700,205777,University of Toronto - Rotman School of Management,University of Toronto - Rotman School Of Management
1701,807022,European University Institute,European University Institute
1702,3088,Northwestern University,Northwestern University
1703,279995,Monash University,Monash University
1704,143698,HKUST Business School,Hong Kong University of Science and Technology - Business School
1705,881533,Smith School of Business at Queen's University,Queen's University - Smith School Of Business
1706,249981,"University of California, Los Angeles","University of California, Los Angeles"
1707,791039,-,
1708,806795,University of London,University of London
1709,99467,-,
1710,695066,-,
1711,828274,NYU Stern School of Business,New York University - Stern School Of Business
1712,250647,-,
1713,343010,Massachusetts Institute of Technology,Massachusetts Institute of Technology
1714,680043,Yale University,Yale University
1715,859603,Columbia University in the City of New York,Columbia University
1716,956794,-,
1717,7307,"University of California, Berkeley","University of California, Berkeley"
1718,989601,-,
1719,172785,Northwestern University,Northwestern University
1720,512952,-,
1721,134322,-,
1722,728838,The University of Chicago Booth School of Business,University of Chicago - Booth School Of Business
1723,60229,Stanford University,Stanford University
1724,641111,Northwestern University - Kellogg School of Management,Northwestern University - Kellogg School Of Management
1725,536638,Yale University,Yale University
1726,512756,University of Michigan,University of Michigan
1727,743896,Yale University,Yale University
1728,909796,Columbia University,Columbia University
1729,433987,-,
1730,79311,University of Pennsylvania,University of Pennsylvania
1731,186769,Stanford University,Stanford University
1732,974476,Michigan State University,Michigan State University
1733,186426,University of Wisconsin-Madison,University of Wisconsin - Madison
1734,835183,The Australian National University,Australian National University
1735,341656,-,
1736,584928,University of Virginia,University of Virginia
1737,518753,University of Oxford,University of Oxford
1738,415572,-,
1739,498724,-,
1740,866087,University of Michigan - Stephen M. Ross School of Business,University of Michigan - Stephen M Ross School Of Business
1741,105656,European Academy,European Academy of Arts in Warsaw
1742,921170,Vanderbilt University,Vanderbilt University
1743,849087,-,
1744,786610,Bilkent University,Bilkent University
1745,141539,University of Minnesota Law School,University of Minnesota - Law School
1746,136547,-,
